ISO-10303-21;
HEADER;
/*Generated by software containing ST-Developer
 * from STEP Tools, Inc. (www.steptools.com) 
 */
/*OPTION: using custom renumber hook */
/*description */
/*implementation_level */
FILE_DESCRIPTION(('STEP AP242 Edition 2','STEP AP242 Edition 2''CAx-IF Rec.Pracs.---Representation and Presentation of Product Manufa
cturing Information (PMI)---4.0---2014-10-13','STEP AP242 Edition 2''CAx-IF Rec.Pracs.---Representation and Presentation of Product Manufa
cturing Information (PMI)---4.0---2014-10-13''CAx-IF Rec.Pracs.---3D Tessellated Geometry---0.4---2014-09-14','STEP AP242 Edition 2''CAx-IF Rec.Pracs.---Representation and Presentation of Product Manufa
cturing Information (PMI)---4.0---2014-10-13''CAx-IF Rec.Pracs.---3D Tessellated Geometry---0.4---2014-09-14''2;1','STEP AP242 Edition 2''CAx-IF Rec.Pracs.---Representation and Presentation of Product Manufa
cturing Information (PMI)---4.0---2014-10-13''CAx-IF Rec.Pracs.---3D Tessellated Geometry---0.4---2014-09-14''2;1''CAx-IF Rec.Pracs.---User Defined Attributes---1.5---2016-08-15'),'2;1');
/*name */
/*time_stamp */
/*author */
/*organization */
/*preprocessor_version */
/*originating_system */
/*authorisation */
FILE_NAME('/vol/tmp/translate-11601808376504945963/69a1225283f5cf37a14ca2f1.step','2026-02-27T04:49:23',(''),(''),'ST-DEVELOPER v20','ONSHAPE BY PTC INC, 1.211','  ');
FILE_SCHEMA(('AP242_MANAGED_MODEL_BASED_3D_ENGINEERING_MIM_LF { 1 0 10303 442 3 1 4 }'));
ENDSEC;
DATA;
#10=(
B_SPLINE_SURFACE(3,3,((#4049,#4050,#4051,#4052),(#4053,#4054,#4055,#4056),(#4057,#4058,#4059,#4060),(#4061,#4062,#4063,#4064),(#4065,#4066,#4067,
#4068)),.UNSPECIFIED.,.F.,.F.,.F.)
B_SPLINE_SURFACE_WITH_KNOTS((4,1,4),(4,4),(1.570796326795,2.356194490192,3.14159265359498),(-0.00599999997702884,1.00599999998123),.UNSPECIFIED.)
BOUNDED_SURFACE()
GEOMETRIC_REPRESENTATION_ITEM()
RATIONAL_B_SPLINE_SURFACE(((1.,1.,1.,1.),(1.00000000121506,0.999999932492329,
0.999999932492272,1.00000000121503),(1.00146678536878,0.918509007558327,
0.918509007558727,1.00146678537025),(1.00353579332386,0.803560007387658,
0.803560007388537,1.00353579332645),(1.00353580692353,0.803559251815779,
0.803559251816724,1.00353580692659)))
REPRESENTATION_ITEM('')
SURFACE()
);
#11=(
B_SPLINE_SURFACE(3,3,((#4082,#4083,#4084,#4085),(#4086,#4087,#4088,#4089),(#4090,#4091,#4092,#4093),(#4094,#4095,#4096,#4097),(#4098,#4099,#4100,
#4101)),.UNSPECIFIED.,.F.,.F.,.F.)
B_SPLINE_SURFACE_WITH_KNOTS((4,1,4),(4,4),(1.570796326795,2.356194490192,3.14159265358604),(-0.00599999998576338,1.00599999998933),.UNSPECIFIED.)
BOUNDED_SURFACE()
GEOMETRIC_REPRESENTATION_ITEM()
RATIONAL_B_SPLINE_SURFACE(((1.,1.,1.,1.),(1.00000000279456,0.999999844725005,
0.999999844725057,1.00000000279486),(1.00146679341417,0.918508560721943,
0.918508560722187,1.00146679341433),(1.00353577566439,0.803560988826592,
0.803560988827194,1.00353577566581),(1.00353580692884,0.803559251814268,
0.803559251814967,1.00353580693089)))
REPRESENTATION_ITEM('')
SURFACE()
);
#12=(
B_SPLINE_SURFACE(3,3,((#4160,#4161,#4162,#4163),(#4164,#4165,#4166,#4167),(#4168,#4169,#4170,#4171),(#4172,#4173,#4174,#4175),(#4176,#4177,#4178,
#4179)),.UNSPECIFIED.,.F.,.F.,.F.)
B_SPLINE_SURFACE_WITH_KNOTS((4,1,4),(4,4),(1.570796326795,2.356194490192,3.14159265359498),(-0.00599999997697622,1.00599999998124),.UNSPECIFIED.)
BOUNDED_SURFACE()
GEOMETRIC_REPRESENTATION_ITEM()
RATIONAL_B_SPLINE_SURFACE(((1.,1.,1.,1.),(1.00000000121506,0.999999932492329,
0.999999932492272,1.00000000121503),(1.00146678536877,0.918509007558326,
0.918509007558729,1.00146678537025),(1.00353579332385,0.803560007387657,
0.803560007388542,1.00353579332645),(1.00353580692352,0.803559251815778,
0.803559251816728,1.00353580692659)))
REPRESENTATION_ITEM('')
SURFACE()
);
#13=(
B_SPLINE_SURFACE(3,3,((#4209,#4210,#4211,#4212),(#4213,#4214,#4215,#4216),(#4217,#4218,#4219,#4220),(#4221,#4222,#4223,#4224),(#4225,#4226,#4227,
#4228)),.UNSPECIFIED.,.F.,.F.,.F.)
B_SPLINE_SURFACE_WITH_KNOTS((4,1,4),(4,4),(1.570796326795,2.356194490192,3.14159265358639),(-0.00599999998573396,1.00599999999084),.UNSPECIFIED.)
BOUNDED_SURFACE()
GEOMETRIC_REPRESENTATION_ITEM()
RATIONAL_B_SPLINE_SURFACE(((1.,1.,1.,1.),(1.00000000279456,0.999999844725005,
0.999999844725057,1.00000000279486),(1.00146679341351,0.918508560721819,
0.918508560722245,1.00146679341516),(1.00353577566368,0.803560988826203,
0.803560988827213,1.00353577566687),(1.00353580692865,0.803559251813947,
0.803559251815001,1.00353580693221)))
REPRESENTATION_ITEM('')
SURFACE()
);
#14=B_SPLINE_CURVE_WITH_KNOTS('',3,(#4022,#4023,#4024,#4025),.UNSPECIFIED.,.F.,.F.,(4,4),(0.,1.),.UNSPECIFIED.);
#15=B_SPLINE_CURVE_WITH_KNOTS('',3,(#4043,#4044,#4045,#4046),.UNSPECIFIED.,.F.,.F.,(4,4),(0.,1.),.UNSPECIFIED.);
#16=B_SPLINE_CURVE_WITH_KNOTS('',3,(#4069,#4070,#4071,#4072),.UNSPECIFIED.,.F.,.F.,(4,4),(0.,1.),.UNSPECIFIED.);
#17=B_SPLINE_CURVE_WITH_KNOTS('',3,(#4078,#4079,#4080,#4081),.UNSPECIFIED.,.F.,.F.,(4,4),(0.,1.),.UNSPECIFIED.);
#18=B_SPLINE_CURVE_WITH_KNOTS('',3,(#4149,#4150,#4151,#4152),.UNSPECIFIED.,.F.,.F.,(4,4),(0.,1.),.UNSPECIFIED.);
#19=B_SPLINE_CURVE_WITH_KNOTS('',3,(#4154,#4155,#4156,#4157),.UNSPECIFIED.,.F.,.F.,(4,4),(0.,1.),.UNSPECIFIED.);
#20=B_SPLINE_CURVE_WITH_KNOTS('',3,(#4182,#4183,#4184,#4185),.UNSPECIFIED.,.F.,.F.,(4,4),(0.,1.),.UNSPECIFIED.);
#21=B_SPLINE_CURVE_WITH_KNOTS('',3,(#4205,#4206,#4207,#4208),.UNSPECIFIED.,.F.,.F.,(4,4),(0.,1.),.UNSPECIFIED.);
#22=B_SPLINE_CURVE_WITH_KNOTS('',3,(#4354,#4355,#4356,#4357),.UNSPECIFIED.,.F.,.F.,(4,4),(0.,1.),.UNSPECIFIED.);
#23=B_SPLINE_CURVE_WITH_KNOTS('',3,(#4563,#4564,#4565,#4566),.UNSPECIFIED.,.F.,.F.,(4,4),(0.,1.),.UNSPECIFIED.);
#24=TOROIDAL_SURFACE('',#2889,7.313494052394E-05,5.E-05);
#25=TOROIDAL_SURFACE('',#2895,8.923449325968E-05,5.E-05);
#26=TOROIDAL_SURFACE('',#2900,0.000136994016753,5.E-05);
#27=TOROIDAL_SURFACE('',#2905,0.000148252167069,5.E-05);
#28=TOROIDAL_SURFACE('',#2943,0.000186660111919,0.00015);
#29=TOROIDAL_SURFACE('',#2948,0.000186660111919,0.00015);
#30=TOROIDAL_SURFACE('',#2974,0.000186660111919,0.00015);
#31=TOROIDAL_SURFACE('',#2979,0.000186660111919,0.00015);
#32=OVER_RIDING_STYLED_ITEM('',(#2495),#2360,#2491);
#33=OVER_RIDING_STYLED_ITEM('',(#2496),#2361,#2491);
#34=OVER_RIDING_STYLED_ITEM('',(#2497),#2362,#2491);
#35=OVER_RIDING_STYLED_ITEM('',(#2498),#2363,#2491);
#36=OVER_RIDING_STYLED_ITEM('',(#2499),#2364,#2491);
#37=OVER_RIDING_STYLED_ITEM('',(#2500),#2365,#2491);
#38=OVER_RIDING_STYLED_ITEM('',(#2501),#2366,#2491);
#39=OVER_RIDING_STYLED_ITEM('',(#2502),#2367,#2491);
#40=OVER_RIDING_STYLED_ITEM('',(#2503),#2368,#2491);
#41=OVER_RIDING_STYLED_ITEM('',(#2504),#2369,#2491);
#42=OVER_RIDING_STYLED_ITEM('',(#2505),#2370,#2491);
#43=OVER_RIDING_STYLED_ITEM('',(#2506),#2371,#2491);
#44=OVER_RIDING_STYLED_ITEM('',(#2507),#2372,#2491);
#45=OVER_RIDING_STYLED_ITEM('',(#2508),#2373,#2491);
#46=OVER_RIDING_STYLED_ITEM('',(#2509),#2374,#2491);
#47=OVER_RIDING_STYLED_ITEM('',(#2510),#2375,#2491);
#48=OVER_RIDING_STYLED_ITEM('',(#2511),#2376,#2491);
#49=OVER_RIDING_STYLED_ITEM('',(#2512),#2377,#2491);
#50=OVER_RIDING_STYLED_ITEM('',(#2513),#2386,#2491);
#51=OVER_RIDING_STYLED_ITEM('',(#2514),#2387,#2491);
#52=OVER_RIDING_STYLED_ITEM('',(#2515),#2388,#2491);
#53=OVER_RIDING_STYLED_ITEM('',(#2516),#2389,#2491);
#54=OVER_RIDING_STYLED_ITEM('',(#2517),#2390,#2491);
#55=OVER_RIDING_STYLED_ITEM('',(#2518),#2391,#2491);
#56=OVER_RIDING_STYLED_ITEM('',(#2519),#2392,#2491);
#57=OVER_RIDING_STYLED_ITEM('',(#2520),#2393,#2491);
#58=OVER_RIDING_STYLED_ITEM('',(#2521),#2394,#2491);
#59=OVER_RIDING_STYLED_ITEM('',(#2522),#2395,#2491);
#60=OVER_RIDING_STYLED_ITEM('',(#2523),#2396,#2491);
#61=OVER_RIDING_STYLED_ITEM('',(#2524),#2397,#2491);
#62=OVER_RIDING_STYLED_ITEM('',(#2525),#2398,#2491);
#63=OVER_RIDING_STYLED_ITEM('',(#2526),#2399,#2491);
#64=OVER_RIDING_STYLED_ITEM('',(#2527),#2400,#2491);
#65=OVER_RIDING_STYLED_ITEM('',(#2528),#2401,#2491);
#66=OVER_RIDING_STYLED_ITEM('',(#2529),#2402,#2491);
#67=OVER_RIDING_STYLED_ITEM('',(#2530),#2403,#2491);
#68=OVER_RIDING_STYLED_ITEM('',(#2531),#2404,#2491);
#69=OVER_RIDING_STYLED_ITEM('',(#2532),#2405,#2491);
#70=OVER_RIDING_STYLED_ITEM('',(#2533),#2406,#2491);
#71=OVER_RIDING_STYLED_ITEM('',(#2534),#2407,#2491);
#72=OVER_RIDING_STYLED_ITEM('',(#2535),#2408,#2491);
#73=OVER_RIDING_STYLED_ITEM('',(#2536),#2409,#2491);
#74=OVER_RIDING_STYLED_ITEM('',(#2537),#2410,#2491);
#75=OVER_RIDING_STYLED_ITEM('',(#2538),#2411,#2491);
#76=OVER_RIDING_STYLED_ITEM('',(#2539),#2412,#2491);
#77=OVER_RIDING_STYLED_ITEM('',(#2540),#2413,#2491);
#78=OVER_RIDING_STYLED_ITEM('',(#2541),#2414,#2491);
#79=OVER_RIDING_STYLED_ITEM('',(#2542),#2415,#2491);
#80=OVER_RIDING_STYLED_ITEM('',(#2543),#2416,#2491);
#81=OVER_RIDING_STYLED_ITEM('',(#2544),#2417,#2491);
#82=OVER_RIDING_STYLED_ITEM('',(#2545),#2418,#2491);
#83=OVER_RIDING_STYLED_ITEM('',(#2546),#2419,#2491);
#84=OVER_RIDING_STYLED_ITEM('',(#2547),#2420,#2491);
#85=OVER_RIDING_STYLED_ITEM('',(#2548),#2447,#2491);
#86=OVER_RIDING_STYLED_ITEM('',(#2549),#2451,#2491);
#87=OVER_RIDING_STYLED_ITEM('',(#2550),#2456,#2491);
#88=OVER_RIDING_STYLED_ITEM('',(#2551),#2477,#2491);
#89=DRAUGHTING_PRE_DEFINED_COLOUR('white');
#90=CONTEXT_DEPENDENT_SHAPE_REPRESENTATION(#96,#4651);
#91=CONTEXT_DEPENDENT_SHAPE_REPRESENTATION(#97,#4653);
#92=CONTEXT_DEPENDENT_SHAPE_REPRESENTATION(#98,#4655);
#93=NEXT_ASSEMBLY_USAGE_OCCURRENCE('NAUO1','MJTP1117-5506_2','MJTP1117-5506_2',#4656,#4657,'');
#94=NEXT_ASSEMBLY_USAGE_OCCURRENCE('NAUO2','MJTP1117-5506_1','MJTP1117-5506_1',#4656,#4658,'');
#95=NEXT_ASSEMBLY_USAGE_OCCURRENCE('NAUO3','MJTP1117-5506_3','MJTP1117-5506_3',#4656,#4659,'');
#96=(
REPRESENTATION_RELATIONSHIP(' ',' ',#2862,#2861)
REPRESENTATION_RELATIONSHIP_WITH_TRANSFORMATION(#99)
SHAPE_REPRESENTATION_RELATIONSHIP()
);
#97=(
REPRESENTATION_RELATIONSHIP(' ',' ',#2863,#2861)
REPRESENTATION_RELATIONSHIP_WITH_TRANSFORMATION(#100)
SHAPE_REPRESENTATION_RELATIONSHIP()
);
#98=(
REPRESENTATION_RELATIONSHIP(' ',' ',#2864,#2861)
REPRESENTATION_RELATIONSHIP_WITH_TRANSFORMATION(#101)
SHAPE_REPRESENTATION_RELATIONSHIP()
);
#99=ITEM_DEFINED_TRANSFORMATION(' ',' ',#2865,#2874);
#100=ITEM_DEFINED_TRANSFORMATION(' ',' ',#2865,#2883);
#101=ITEM_DEFINED_TRANSFORMATION(' ',' ',#2865,#3106);
#102=SHAPE_REPRESENTATION_RELATIONSHIP('','',#2862,#105);
#103=SHAPE_REPRESENTATION_RELATIONSHIP('','',#2863,#106);
#104=SHAPE_REPRESENTATION_RELATIONSHIP('','',#2864,#107);
#105=ADVANCED_BREP_SHAPE_REPRESENTATION('',(#2854),#4639);
#106=ADVANCED_BREP_SHAPE_REPRESENTATION('',(#2855),#4640);
#107=ADVANCED_BREP_SHAPE_REPRESENTATION('',(#2856),#4641);
#108=CYLINDRICAL_SURFACE('',#2871,0.00025);
#109=CYLINDRICAL_SURFACE('',#2880,0.00025);
#110=CYLINDRICAL_SURFACE('',#2893,5.E-05);
#111=CYLINDRICAL_SURFACE('',#2898,5.E-05);
#112=CYLINDRICAL_SURFACE('',#2903,5.E-05);
#113=CYLINDRICAL_SURFACE('',#2908,5.E-05);
#114=CYLINDRICAL_SURFACE('',#2910,0.000198252167069);
#115=CYLINDRICAL_SURFACE('',#2913,0.000186994016753);
#116=CYLINDRICAL_SURFACE('',#2916,0.00013923449326);
#117=CYLINDRICAL_SURFACE('',#2919,0.000123134940524);
#118=CYLINDRICAL_SURFACE('',#2927,0.000236994016753);
#119=CYLINDRICAL_SURFACE('',#2930,0.000248252167069);
#120=CYLINDRICAL_SURFACE('',#2933,0.000173134940524);
#121=CYLINDRICAL_SURFACE('',#2936,0.00018923449326);
#122=CYLINDRICAL_SURFACE('',#2941,0.00015);
#123=CYLINDRICAL_SURFACE('',#2946,0.00015);
#124=CYLINDRICAL_SURFACE('',#2951,0.00015);
#125=CYLINDRICAL_SURFACE('',#2953,0.00015);
#126=CYLINDRICAL_SURFACE('',#2955,0.000100007645333);
#127=CYLINDRICAL_SURFACE('',#2958,8.400919295479E-05);
#128=CYLINDRICAL_SURFACE('',#2961,0.000336660111919);
#129=CYLINDRICAL_SURFACE('',#2964,0.000336660111919);
#130=CYLINDRICAL_SURFACE('',#2970,0.00015);
#131=CYLINDRICAL_SURFACE('',#2972,0.00015);
#132=CYLINDRICAL_SURFACE('',#2977,0.00015);
#133=CYLINDRICAL_SURFACE('',#2982,0.00015);
#134=CYLINDRICAL_SURFACE('',#2984,0.000100007645333);
#135=CYLINDRICAL_SURFACE('',#2987,0.000336660111919);
#136=CYLINDRICAL_SURFACE('',#2990,0.000336660111919);
#137=CYLINDRICAL_SURFACE('',#2993,8.400919295479E-05);
#138=CYLINDRICAL_SURFACE('',#3001,0.0001);
#139=CYLINDRICAL_SURFACE('',#3007,0.0001);
#140=CYLINDRICAL_SURFACE('',#3011,0.000160502710294);
#141=CYLINDRICAL_SURFACE('',#3015,0.000274736505313);
#142=CYLINDRICAL_SURFACE('',#3022,8.501103933578E-05);
#143=CYLINDRICAL_SURFACE('',#3026,0.000916300960976);
#144=CYLINDRICAL_SURFACE('',#3031,0.000501820204483);
#145=CYLINDRICAL_SURFACE('',#3038,0.0001);
#146=CYLINDRICAL_SURFACE('',#3041,0.0001);
#147=CYLINDRICAL_SURFACE('',#3045,0.0001);
#148=CYLINDRICAL_SURFACE('',#3048,0.0001);
#149=CYLINDRICAL_SURFACE('',#3054,0.0004);
#150=CYLINDRICAL_SURFACE('',#3060,0.0003);
#151=CYLINDRICAL_SURFACE('',#3070,8.501103933578E-05);
#152=CYLINDRICAL_SURFACE('',#3076,0.000916300960976);
#153=CYLINDRICAL_SURFACE('',#3081,0.000501820204483);
#154=CYLINDRICAL_SURFACE('',#3084,0.000274736505313);
#155=CYLINDRICAL_SURFACE('',#3087,0.000160502710294);
#156=CYLINDRICAL_SURFACE('',#3098,0.0004);
#157=CYLINDRICAL_SURFACE('',#3103,0.0003);
#158=CIRCLE('',#2867,0.00025);
#159=CIRCLE('',#2872,0.00025);
#160=CIRCLE('',#2879,0.00025);
#161=CIRCLE('',#2881,0.00025);
#162=CIRCLE('',#2885,7.313494052394E-05);
#163=CIRCLE('',#2886,8.923449325968E-05);
#164=CIRCLE('',#2887,0.000136994016753);
#165=CIRCLE('',#2888,0.000148252167069);
#166=CIRCLE('',#2890,5.E-05);
#167=CIRCLE('',#2891,0.0001231349405239);
#168=CIRCLE('',#2892,5.E-05);
#169=CIRCLE('',#2894,5.E-05);
#170=CIRCLE('',#2896,5.E-05);
#171=CIRCLE('',#2897,0.0001392344932597);
#172=CIRCLE('',#2899,5.E-05);
#173=CIRCLE('',#2901,5.E-05);
#174=CIRCLE('',#2902,0.000186994016753);
#175=CIRCLE('',#2904,5.E-05);
#176=CIRCLE('',#2906,0.000198252167069);
#177=CIRCLE('',#2907,5.E-05);
#178=CIRCLE('',#2911,0.000198252167069);
#179=CIRCLE('',#2914,0.000186994016753);
#180=CIRCLE('',#2917,0.00013923449326);
#181=CIRCLE('',#2920,0.000123134940524);
#182=CIRCLE('',#2922,0.00018923449326);
#183=CIRCLE('',#2923,0.000236994016753);
#184=CIRCLE('',#2924,0.000248252167069);
#185=CIRCLE('',#2925,0.000173134940524);
#186=CIRCLE('',#2928,0.000236994016753);
#187=CIRCLE('',#2931,0.000248252167069);
#188=CIRCLE('',#2934,0.000173134940524);
#189=CIRCLE('',#2937,0.00018923449326);
#190=CIRCLE('',#2939,0.000186660111919);
#191=CIRCLE('',#2940,0.000186660111919);
#192=CIRCLE('',#2942,0.00015);
#193=CIRCLE('',#2944,0.00015);
#194=CIRCLE('',#2945,0.000336660111919);
#195=CIRCLE('',#2947,0.00015);
#196=CIRCLE('',#2949,0.00015);
#197=CIRCLE('',#2950,0.000336660111919);
#198=CIRCLE('',#2952,8.400919295479E-05);
#199=CIRCLE('',#2954,0.000100007645333);
#200=CIRCLE('',#2956,0.000100007645333);
#201=CIRCLE('',#2959,8.400919295479E-05);
#202=CIRCLE('',#2962,0.000336660111919);
#203=CIRCLE('',#2965,0.000336660111919);
#204=CIRCLE('',#2968,0.000186660111919);
#205=CIRCLE('',#2969,0.000186660111919);
#206=CIRCLE('',#2971,8.400919295479E-05);
#207=CIRCLE('',#2973,0.00015);
#208=CIRCLE('',#2975,0.00015);
#209=CIRCLE('',#2976,0.000336660111919);
#210=CIRCLE('',#2978,0.00015);
#211=CIRCLE('',#2980,0.000336660111919);
#212=CIRCLE('',#2981,0.00015);
#213=CIRCLE('',#2983,0.000100007645333);
#214=CIRCLE('',#2985,0.000100007645333);
#215=CIRCLE('',#2988,0.000336660111919);
#216=CIRCLE('',#2991,0.000336660111919);
#217=CIRCLE('',#2994,8.400919295479E-05);
#218=CIRCLE('',#3002,0.0001);
#219=CIRCLE('',#3003,0.0001);
#220=CIRCLE('',#3008,0.0001);
#221=CIRCLE('',#3009,0.0001);
#222=CIRCLE('',#3012,0.000160502710294);
#223=CIRCLE('',#3013,0.000160502710294);
#224=CIRCLE('',#3016,0.000274736505313);
#225=CIRCLE('',#3017,0.000274736505313);
#226=CIRCLE('',#3019,0.000501820204483);
#227=CIRCLE('',#3021,0.000501820204483);
#228=CIRCLE('',#3023,8.501103933578E-05);
#229=CIRCLE('',#3024,8.501103933578E-05);
#230=CIRCLE('',#3027,0.000916300960976);
#231=CIRCLE('',#3028,0.000444291794527783);
#232=CIRCLE('',#3029,0.000444306138179692);
#233=CIRCLE('',#3030,0.000916300960976);
#234=CIRCLE('',#3036,0.0003);
#235=CIRCLE('',#3037,0.0001);
#236=CIRCLE('',#3039,0.0001);
#237=CIRCLE('',#3042,0.0001);
#238=CIRCLE('',#3043,0.0001);
#239=CIRCLE('',#3046,0.0001);
#240=CIRCLE('',#3047,0.0001);
#241=CIRCLE('',#3049,0.0001);
#242=CIRCLE('',#3050,0.0001);
#243=CIRCLE('',#3055,0.0004);
#244=CIRCLE('',#3056,0.0004);
#245=CIRCLE('',#3058,0.0003);
#246=CIRCLE('',#3059,0.0003);
#247=CIRCLE('',#3061,0.0003);
#248=CIRCLE('',#3071,8.501103933578E-05);
#249=CIRCLE('',#3072,8.501103933578E-05);
#250=CIRCLE('',#3075,0.000501820204483);
#251=CIRCLE('',#3077,0.000444291794570978);
#252=CIRCLE('',#3078,0.000916300960976);
#253=CIRCLE('',#3079,0.000916300960976);
#254=CIRCLE('',#3080,0.000444306138179421);
#255=CIRCLE('',#3082,0.000501820204483);
#256=CIRCLE('',#3085,0.000274736505313);
#257=CIRCLE('',#3086,0.000274736505313);
#258=CIRCLE('',#3088,0.000160502710294);
#259=CIRCLE('',#3089,0.000160502710294);
#260=CIRCLE('',#3097,0.0004);
#261=CIRCLE('',#3099,0.0004);
#262=ORIENTED_EDGE('',*,*,#954,.F.);
#263=ORIENTED_EDGE('',*,*,#955,.T.);
#264=ORIENTED_EDGE('',*,*,#956,.F.);
#265=ORIENTED_EDGE('',*,*,#957,.T.);
#266=ORIENTED_EDGE('',*,*,#956,.T.);
#267=ORIENTED_EDGE('',*,*,#958,.F.);
#268=ORIENTED_EDGE('',*,*,#959,.F.);
#269=ORIENTED_EDGE('',*,*,#960,.T.);
#270=ORIENTED_EDGE('',*,*,#961,.F.);
#271=ORIENTED_EDGE('',*,*,#957,.F.);
#272=ORIENTED_EDGE('',*,*,#960,.F.);
#273=ORIENTED_EDGE('',*,*,#962,.T.);
#274=ORIENTED_EDGE('',*,*,#963,.F.);
#275=ORIENTED_EDGE('',*,*,#964,.F.);
#276=ORIENTED_EDGE('',*,*,#954,.T.);
#277=ORIENTED_EDGE('',*,*,#961,.T.);
#278=ORIENTED_EDGE('',*,*,#965,.F.);
#279=ORIENTED_EDGE('',*,*,#958,.T.);
#280=ORIENTED_EDGE('',*,*,#955,.F.);
#281=ORIENTED_EDGE('',*,*,#964,.T.);
#282=ORIENTED_EDGE('',*,*,#965,.T.);
#283=ORIENTED_EDGE('',*,*,#963,.T.);
#284=ORIENTED_EDGE('',*,*,#962,.F.);
#285=ORIENTED_EDGE('',*,*,#959,.T.);
#286=ORIENTED_EDGE('',*,*,#966,.F.);
#287=ORIENTED_EDGE('',*,*,#967,.F.);
#288=ORIENTED_EDGE('',*,*,#968,.T.);
#289=ORIENTED_EDGE('',*,*,#969,.T.);
#290=ORIENTED_EDGE('',*,*,#970,.F.);
#291=ORIENTED_EDGE('',*,*,#971,.F.);
#292=ORIENTED_EDGE('',*,*,#972,.T.);
#293=ORIENTED_EDGE('',*,*,#969,.F.);
#294=ORIENTED_EDGE('',*,*,#973,.T.);
#295=ORIENTED_EDGE('',*,*,#974,.F.);
#296=ORIENTED_EDGE('',*,*,#975,.F.);
#297=ORIENTED_EDGE('',*,*,#971,.T.);
#298=ORIENTED_EDGE('',*,*,#975,.T.);
#299=ORIENTED_EDGE('',*,*,#976,.T.);
#300=ORIENTED_EDGE('',*,*,#966,.T.);
#301=ORIENTED_EDGE('',*,*,#972,.F.);
#302=ORIENTED_EDGE('',*,*,#976,.F.);
#303=ORIENTED_EDGE('',*,*,#974,.T.);
#304=ORIENTED_EDGE('',*,*,#977,.F.);
#305=ORIENTED_EDGE('',*,*,#967,.T.);
#306=ORIENTED_EDGE('',*,*,#977,.T.);
#307=ORIENTED_EDGE('',*,*,#973,.F.);
#308=ORIENTED_EDGE('',*,*,#970,.T.);
#309=ORIENTED_EDGE('',*,*,#968,.F.);
#310=ORIENTED_EDGE('',*,*,#978,.T.);
#311=ORIENTED_EDGE('',*,*,#979,.F.);
#312=ORIENTED_EDGE('',*,*,#980,.T.);
#313=ORIENTED_EDGE('',*,*,#981,.F.);
#314=ORIENTED_EDGE('',*,*,#982,.T.);
#315=ORIENTED_EDGE('',*,*,#983,.F.);
#316=ORIENTED_EDGE('',*,*,#984,.T.);
#317=ORIENTED_EDGE('',*,*,#985,.F.);
#318=ORIENTED_EDGE('',*,*,#986,.T.);
#319=ORIENTED_EDGE('',*,*,#987,.T.);
#320=ORIENTED_EDGE('',*,*,#988,.T.);
#321=ORIENTED_EDGE('',*,*,#978,.F.);
#322=ORIENTED_EDGE('',*,*,#988,.F.);
#323=ORIENTED_EDGE('',*,*,#989,.T.);
#324=ORIENTED_EDGE('',*,*,#990,.F.);
#325=ORIENTED_EDGE('',*,*,#979,.T.);
#326=ORIENTED_EDGE('',*,*,#991,.T.);
#327=ORIENTED_EDGE('',*,*,#980,.F.);
#328=ORIENTED_EDGE('',*,*,#990,.T.);
#329=ORIENTED_EDGE('',*,*,#992,.T.);
#330=ORIENTED_EDGE('',*,*,#993,.F.);
#331=ORIENTED_EDGE('',*,*,#981,.T.);
#332=ORIENTED_EDGE('',*,*,#991,.F.);
#333=ORIENTED_EDGE('',*,*,#994,.T.);
#334=ORIENTED_EDGE('',*,*,#995,.T.);
#335=ORIENTED_EDGE('',*,*,#982,.F.);
#336=ORIENTED_EDGE('',*,*,#993,.T.);
#337=ORIENTED_EDGE('',*,*,#996,.T.);
#338=ORIENTED_EDGE('',*,*,#995,.F.);
#339=ORIENTED_EDGE('',*,*,#997,.T.);
#340=ORIENTED_EDGE('',*,*,#998,.F.);
#341=ORIENTED_EDGE('',*,*,#983,.T.);
#342=ORIENTED_EDGE('',*,*,#998,.T.);
#343=ORIENTED_EDGE('',*,*,#999,.T.);
#344=ORIENTED_EDGE('',*,*,#1000,.T.);
#345=ORIENTED_EDGE('',*,*,#984,.F.);
#346=ORIENTED_EDGE('',*,*,#1000,.F.);
#347=ORIENTED_EDGE('',*,*,#1001,.T.);
#348=ORIENTED_EDGE('',*,*,#986,.F.);
#349=ORIENTED_EDGE('',*,*,#985,.T.);
#350=ORIENTED_EDGE('',*,*,#1002,.F.);
#351=ORIENTED_EDGE('',*,*,#1001,.F.);
#352=ORIENTED_EDGE('',*,*,#1003,.F.);
#353=ORIENTED_EDGE('',*,*,#1004,.F.);
#354=ORIENTED_EDGE('',*,*,#1003,.T.);
#355=ORIENTED_EDGE('',*,*,#999,.F.);
#356=ORIENTED_EDGE('',*,*,#1005,.T.);
#357=ORIENTED_EDGE('',*,*,#1006,.F.);
#358=ORIENTED_EDGE('',*,*,#1005,.F.);
#359=ORIENTED_EDGE('',*,*,#997,.F.);
#360=ORIENTED_EDGE('',*,*,#1007,.F.);
#361=ORIENTED_EDGE('',*,*,#1008,.F.);
#362=ORIENTED_EDGE('',*,*,#1007,.T.);
#363=ORIENTED_EDGE('',*,*,#996,.F.);
#364=ORIENTED_EDGE('',*,*,#1009,.T.);
#365=ORIENTED_EDGE('',*,*,#1010,.F.);
#366=ORIENTED_EDGE('',*,*,#1009,.F.);
#367=ORIENTED_EDGE('',*,*,#994,.F.);
#368=ORIENTED_EDGE('',*,*,#1011,.F.);
#369=ORIENTED_EDGE('',*,*,#1012,.F.);
#370=ORIENTED_EDGE('',*,*,#1011,.T.);
#371=ORIENTED_EDGE('',*,*,#992,.F.);
#372=ORIENTED_EDGE('',*,*,#1013,.T.);
#373=ORIENTED_EDGE('',*,*,#1014,.F.);
#374=ORIENTED_EDGE('',*,*,#1013,.F.);
#375=ORIENTED_EDGE('',*,*,#989,.F.);
#376=ORIENTED_EDGE('',*,*,#1015,.F.);
#377=ORIENTED_EDGE('',*,*,#1016,.F.);
#378=ORIENTED_EDGE('',*,*,#1015,.T.);
#379=ORIENTED_EDGE('',*,*,#987,.F.);
#380=ORIENTED_EDGE('',*,*,#1002,.T.);
#381=ORIENTED_EDGE('',*,*,#1017,.F.);
#382=ORIENTED_EDGE('',*,*,#1017,.T.);
#383=ORIENTED_EDGE('',*,*,#1004,.T.);
#384=ORIENTED_EDGE('',*,*,#1006,.T.);
#385=ORIENTED_EDGE('',*,*,#1008,.T.);
#386=ORIENTED_EDGE('',*,*,#1010,.T.);
#387=ORIENTED_EDGE('',*,*,#1012,.T.);
#388=ORIENTED_EDGE('',*,*,#1014,.T.);
#389=ORIENTED_EDGE('',*,*,#1016,.T.);
#390=ORIENTED_EDGE('',*,*,#1018,.T.);
#391=ORIENTED_EDGE('',*,*,#1019,.T.);
#392=ORIENTED_EDGE('',*,*,#1020,.T.);
#393=ORIENTED_EDGE('',*,*,#1021,.T.);
#394=ORIENTED_EDGE('',*,*,#1022,.T.);
#395=ORIENTED_EDGE('',*,*,#1023,.T.);
#396=ORIENTED_EDGE('',*,*,#1024,.T.);
#397=ORIENTED_EDGE('',*,*,#1025,.T.);
#398=ORIENTED_EDGE('',*,*,#1026,.T.);
#399=ORIENTED_EDGE('',*,*,#1027,.T.);
#400=ORIENTED_EDGE('',*,*,#1020,.F.);
#401=ORIENTED_EDGE('',*,*,#1028,.T.);
#402=ORIENTED_EDGE('',*,*,#1027,.F.);
#403=ORIENTED_EDGE('',*,*,#1029,.F.);
#404=ORIENTED_EDGE('',*,*,#1030,.F.);
#405=ORIENTED_EDGE('',*,*,#1021,.F.);
#406=ORIENTED_EDGE('',*,*,#1031,.T.);
#407=ORIENTED_EDGE('',*,*,#1032,.T.);
#408=ORIENTED_EDGE('',*,*,#1022,.F.);
#409=ORIENTED_EDGE('',*,*,#1030,.T.);
#410=ORIENTED_EDGE('',*,*,#1032,.F.);
#411=ORIENTED_EDGE('',*,*,#1033,.F.);
#412=ORIENTED_EDGE('',*,*,#1034,.F.);
#413=ORIENTED_EDGE('',*,*,#1023,.F.);
#414=ORIENTED_EDGE('',*,*,#1035,.T.);
#415=ORIENTED_EDGE('',*,*,#1036,.T.);
#416=ORIENTED_EDGE('',*,*,#1024,.F.);
#417=ORIENTED_EDGE('',*,*,#1034,.T.);
#418=ORIENTED_EDGE('',*,*,#1036,.F.);
#419=ORIENTED_EDGE('',*,*,#1037,.F.);
#420=ORIENTED_EDGE('',*,*,#1038,.F.);
#421=ORIENTED_EDGE('',*,*,#1025,.F.);
#422=ORIENTED_EDGE('',*,*,#1039,.T.);
#423=ORIENTED_EDGE('',*,*,#1040,.T.);
#424=ORIENTED_EDGE('',*,*,#1018,.F.);
#425=ORIENTED_EDGE('',*,*,#1038,.T.);
#426=ORIENTED_EDGE('',*,*,#1040,.F.);
#427=ORIENTED_EDGE('',*,*,#1041,.F.);
#428=ORIENTED_EDGE('',*,*,#1028,.F.);
#429=ORIENTED_EDGE('',*,*,#1019,.F.);
#430=ORIENTED_EDGE('',*,*,#1042,.F.);
#431=ORIENTED_EDGE('',*,*,#1043,.T.);
#432=ORIENTED_EDGE('',*,*,#1044,.F.);
#433=ORIENTED_EDGE('',*,*,#1045,.T.);
#434=ORIENTED_EDGE('',*,*,#1046,.F.);
#435=ORIENTED_EDGE('',*,*,#1047,.F.);
#436=ORIENTED_EDGE('',*,*,#1048,.T.);
#437=ORIENTED_EDGE('',*,*,#1049,.T.);
#438=ORIENTED_EDGE('',*,*,#1050,.F.);
#439=ORIENTED_EDGE('',*,*,#1042,.T.);
#440=ORIENTED_EDGE('',*,*,#1051,.T.);
#441=ORIENTED_EDGE('',*,*,#1043,.F.);
#442=ORIENTED_EDGE('',*,*,#1050,.T.);
#443=ORIENTED_EDGE('',*,*,#1052,.T.);
#444=ORIENTED_EDGE('',*,*,#1053,.F.);
#445=ORIENTED_EDGE('',*,*,#1044,.T.);
#446=ORIENTED_EDGE('',*,*,#1051,.F.);
#447=ORIENTED_EDGE('',*,*,#1054,.T.);
#448=ORIENTED_EDGE('',*,*,#1055,.T.);
#449=ORIENTED_EDGE('',*,*,#1045,.F.);
#450=ORIENTED_EDGE('',*,*,#1053,.T.);
#451=ORIENTED_EDGE('',*,*,#1056,.T.);
#452=ORIENTED_EDGE('',*,*,#1057,.F.);
#453=ORIENTED_EDGE('',*,*,#1046,.T.);
#454=ORIENTED_EDGE('',*,*,#1055,.F.);
#455=ORIENTED_EDGE('',*,*,#1058,.T.);
#456=ORIENTED_EDGE('',*,*,#1059,.F.);
#457=ORIENTED_EDGE('',*,*,#1057,.T.);
#458=ORIENTED_EDGE('',*,*,#1060,.T.);
#459=ORIENTED_EDGE('',*,*,#1059,.T.);
#460=ORIENTED_EDGE('',*,*,#1061,.T.);
#461=ORIENTED_EDGE('',*,*,#1062,.F.);
#462=ORIENTED_EDGE('',*,*,#1047,.T.);
#463=ORIENTED_EDGE('',*,*,#1062,.T.);
#464=ORIENTED_EDGE('',*,*,#1063,.T.);
#465=ORIENTED_EDGE('',*,*,#1048,.F.);
#466=ORIENTED_EDGE('',*,*,#1064,.T.);
#467=ORIENTED_EDGE('',*,*,#1063,.F.);
#468=ORIENTED_EDGE('',*,*,#1065,.T.);
#469=ORIENTED_EDGE('',*,*,#1066,.F.);
#470=ORIENTED_EDGE('',*,*,#1065,.F.);
#471=ORIENTED_EDGE('',*,*,#1061,.F.);
#472=ORIENTED_EDGE('',*,*,#1067,.F.);
#473=ORIENTED_EDGE('',*,*,#1068,.T.);
#474=ORIENTED_EDGE('',*,*,#1067,.T.);
#475=ORIENTED_EDGE('',*,*,#1060,.F.);
#476=ORIENTED_EDGE('',*,*,#1069,.T.);
#477=ORIENTED_EDGE('',*,*,#1070,.F.);
#478=ORIENTED_EDGE('',*,*,#1069,.F.);
#479=ORIENTED_EDGE('',*,*,#1058,.F.);
#480=ORIENTED_EDGE('',*,*,#1071,.F.);
#481=ORIENTED_EDGE('',*,*,#1072,.T.);
#482=ORIENTED_EDGE('',*,*,#1071,.T.);
#483=ORIENTED_EDGE('',*,*,#1056,.F.);
#484=ORIENTED_EDGE('',*,*,#1073,.T.);
#485=ORIENTED_EDGE('',*,*,#1074,.F.);
#486=ORIENTED_EDGE('',*,*,#1073,.F.);
#487=ORIENTED_EDGE('',*,*,#1054,.F.);
#488=ORIENTED_EDGE('',*,*,#1075,.F.);
#489=ORIENTED_EDGE('',*,*,#1076,.T.);
#490=ORIENTED_EDGE('',*,*,#1075,.T.);
#491=ORIENTED_EDGE('',*,*,#1052,.F.);
#492=ORIENTED_EDGE('',*,*,#1077,.T.);
#493=ORIENTED_EDGE('',*,*,#1078,.F.);
#494=ORIENTED_EDGE('',*,*,#1077,.F.);
#495=ORIENTED_EDGE('',*,*,#1049,.F.);
#496=ORIENTED_EDGE('',*,*,#1064,.F.);
#497=ORIENTED_EDGE('',*,*,#1079,.T.);
#498=ORIENTED_EDGE('',*,*,#1080,.F.);
#499=ORIENTED_EDGE('',*,*,#1081,.F.);
#500=ORIENTED_EDGE('',*,*,#1082,.F.);
#501=ORIENTED_EDGE('',*,*,#1083,.T.);
#502=ORIENTED_EDGE('',*,*,#1084,.F.);
#503=ORIENTED_EDGE('',*,*,#1085,.T.);
#504=ORIENTED_EDGE('',*,*,#1086,.F.);
#505=ORIENTED_EDGE('',*,*,#1081,.T.);
#506=ORIENTED_EDGE('',*,*,#1087,.T.);
#507=ORIENTED_EDGE('',*,*,#1088,.T.);
#508=ORIENTED_EDGE('',*,*,#1089,.T.);
#509=ORIENTED_EDGE('',*,*,#1090,.F.);
#510=ORIENTED_EDGE('',*,*,#1086,.T.);
#511=ORIENTED_EDGE('',*,*,#1091,.F.);
#512=ORIENTED_EDGE('',*,*,#1082,.T.);
#513=ORIENTED_EDGE('',*,*,#1090,.T.);
#514=ORIENTED_EDGE('',*,*,#1092,.T.);
#515=ORIENTED_EDGE('',*,*,#1093,.T.);
#516=ORIENTED_EDGE('',*,*,#1083,.F.);
#517=ORIENTED_EDGE('',*,*,#1091,.T.);
#518=ORIENTED_EDGE('',*,*,#1094,.T.);
#519=ORIENTED_EDGE('',*,*,#1095,.F.);
#520=ORIENTED_EDGE('',*,*,#1084,.T.);
#521=ORIENTED_EDGE('',*,*,#1093,.F.);
#522=ORIENTED_EDGE('',*,*,#1096,.T.);
#523=ORIENTED_EDGE('',*,*,#1095,.T.);
#524=ORIENTED_EDGE('',*,*,#1097,.T.);
#525=ORIENTED_EDGE('',*,*,#1098,.T.);
#526=ORIENTED_EDGE('',*,*,#1085,.F.);
#527=ORIENTED_EDGE('',*,*,#1098,.F.);
#528=ORIENTED_EDGE('',*,*,#1099,.T.);
#529=ORIENTED_EDGE('',*,*,#1100,.F.);
#530=ORIENTED_EDGE('',*,*,#1080,.T.);
#531=ORIENTED_EDGE('',*,*,#1100,.T.);
#532=ORIENTED_EDGE('',*,*,#1101,.T.);
#533=ORIENTED_EDGE('',*,*,#1087,.F.);
#534=ORIENTED_EDGE('',*,*,#1102,.T.);
#535=ORIENTED_EDGE('',*,*,#1101,.F.);
#536=ORIENTED_EDGE('',*,*,#1103,.T.);
#537=ORIENTED_EDGE('',*,*,#1104,.F.);
#538=ORIENTED_EDGE('',*,*,#1103,.F.);
#539=ORIENTED_EDGE('',*,*,#1099,.F.);
#540=ORIENTED_EDGE('',*,*,#1105,.F.);
#541=ORIENTED_EDGE('',*,*,#1106,.T.);
#542=ORIENTED_EDGE('',*,*,#1105,.T.);
#543=ORIENTED_EDGE('',*,*,#1097,.F.);
#544=ORIENTED_EDGE('',*,*,#1107,.T.);
#545=ORIENTED_EDGE('',*,*,#1108,.F.);
#546=ORIENTED_EDGE('',*,*,#1107,.F.);
#547=ORIENTED_EDGE('',*,*,#1096,.F.);
#548=ORIENTED_EDGE('',*,*,#1109,.F.);
#549=ORIENTED_EDGE('',*,*,#1110,.T.);
#550=ORIENTED_EDGE('',*,*,#1109,.T.);
#551=ORIENTED_EDGE('',*,*,#1094,.F.);
#552=ORIENTED_EDGE('',*,*,#1111,.T.);
#553=ORIENTED_EDGE('',*,*,#1112,.F.);
#554=ORIENTED_EDGE('',*,*,#1111,.F.);
#555=ORIENTED_EDGE('',*,*,#1092,.F.);
#556=ORIENTED_EDGE('',*,*,#1113,.F.);
#557=ORIENTED_EDGE('',*,*,#1114,.T.);
#558=ORIENTED_EDGE('',*,*,#1113,.T.);
#559=ORIENTED_EDGE('',*,*,#1089,.F.);
#560=ORIENTED_EDGE('',*,*,#1115,.T.);
#561=ORIENTED_EDGE('',*,*,#1116,.F.);
#562=ORIENTED_EDGE('',*,*,#1115,.F.);
#563=ORIENTED_EDGE('',*,*,#1088,.F.);
#564=ORIENTED_EDGE('',*,*,#1102,.F.);
#565=ORIENTED_EDGE('',*,*,#1117,.T.);
#566=ORIENTED_EDGE('',*,*,#1118,.T.);
#567=ORIENTED_EDGE('',*,*,#1119,.T.);
#568=ORIENTED_EDGE('',*,*,#1120,.T.);
#569=ORIENTED_EDGE('',*,*,#1121,.T.);
#570=ORIENTED_EDGE('',*,*,#1122,.F.);
#571=ORIENTED_EDGE('',*,*,#1123,.T.);
#572=ORIENTED_EDGE('',*,*,#1124,.T.);
#573=ORIENTED_EDGE('',*,*,#1119,.F.);
#574=ORIENTED_EDGE('',*,*,#1124,.F.);
#575=ORIENTED_EDGE('',*,*,#1125,.T.);
#576=ORIENTED_EDGE('',*,*,#1126,.T.);
#577=ORIENTED_EDGE('',*,*,#1120,.F.);
#578=ORIENTED_EDGE('',*,*,#1126,.F.);
#579=ORIENTED_EDGE('',*,*,#1127,.T.);
#580=ORIENTED_EDGE('',*,*,#1128,.T.);
#581=ORIENTED_EDGE('',*,*,#1121,.F.);
#582=ORIENTED_EDGE('',*,*,#1128,.F.);
#583=ORIENTED_EDGE('',*,*,#1129,.T.);
#584=ORIENTED_EDGE('',*,*,#1122,.T.);
#585=ORIENTED_EDGE('',*,*,#1118,.F.);
#586=ORIENTED_EDGE('',*,*,#1130,.F.);
#587=ORIENTED_EDGE('',*,*,#1131,.F.);
#588=ORIENTED_EDGE('',*,*,#1132,.F.);
#589=ORIENTED_EDGE('',*,*,#1133,.F.);
#590=ORIENTED_EDGE('',*,*,#1134,.T.);
#591=ORIENTED_EDGE('',*,*,#1130,.T.);
#592=ORIENTED_EDGE('',*,*,#1135,.F.);
#593=ORIENTED_EDGE('',*,*,#1136,.T.);
#594=ORIENTED_EDGE('',*,*,#1137,.T.);
#595=ORIENTED_EDGE('',*,*,#1138,.T.);
#596=ORIENTED_EDGE('',*,*,#1136,.F.);
#597=ORIENTED_EDGE('',*,*,#1139,.F.);
#598=ORIENTED_EDGE('',*,*,#1140,.F.);
#599=ORIENTED_EDGE('',*,*,#1141,.T.);
#600=ORIENTED_EDGE('',*,*,#1142,.T.);
#601=ORIENTED_EDGE('',*,*,#1137,.F.);
#602=ORIENTED_EDGE('',*,*,#1143,.F.);
#603=ORIENTED_EDGE('',*,*,#1144,.F.);
#604=ORIENTED_EDGE('',*,*,#1141,.F.);
#605=ORIENTED_EDGE('',*,*,#1145,.F.);
#606=ORIENTED_EDGE('',*,*,#1146,.F.);
#607=ORIENTED_EDGE('',*,*,#1147,.F.);
#608=ORIENTED_EDGE('',*,*,#1148,.F.);
#609=ORIENTED_EDGE('',*,*,#1149,.F.);
#610=ORIENTED_EDGE('',*,*,#1150,.T.);
#611=ORIENTED_EDGE('',*,*,#1151,.F.);
#612=ORIENTED_EDGE('',*,*,#1148,.T.);
#613=ORIENTED_EDGE('',*,*,#1152,.F.);
#614=ORIENTED_EDGE('',*,*,#1153,.T.);
#615=ORIENTED_EDGE('',*,*,#1154,.F.);
#616=ORIENTED_EDGE('',*,*,#1150,.F.);
#617=ORIENTED_EDGE('',*,*,#1155,.F.);
#618=ORIENTED_EDGE('',*,*,#1156,.F.);
#619=ORIENTED_EDGE('',*,*,#1157,.F.);
#620=ORIENTED_EDGE('',*,*,#1158,.F.);
#621=ORIENTED_EDGE('',*,*,#1153,.F.);
#622=ORIENTED_EDGE('',*,*,#1157,.T.);
#623=ORIENTED_EDGE('',*,*,#1159,.T.);
#624=ORIENTED_EDGE('',*,*,#1160,.T.);
#625=ORIENTED_EDGE('',*,*,#1161,.F.);
#626=ORIENTED_EDGE('',*,*,#1162,.F.);
#627=ORIENTED_EDGE('',*,*,#1163,.T.);
#628=ORIENTED_EDGE('',*,*,#1164,.F.);
#629=ORIENTED_EDGE('',*,*,#1165,.F.);
#630=ORIENTED_EDGE('',*,*,#1166,.F.);
#631=ORIENTED_EDGE('',*,*,#1167,.F.);
#632=ORIENTED_EDGE('',*,*,#1168,.F.);
#633=ORIENTED_EDGE('',*,*,#1164,.T.);
#634=ORIENTED_EDGE('',*,*,#1169,.F.);
#635=ORIENTED_EDGE('',*,*,#1170,.F.);
#636=ORIENTED_EDGE('',*,*,#1171,.F.);
#637=ORIENTED_EDGE('',*,*,#1172,.F.);
#638=ORIENTED_EDGE('',*,*,#1162,.T.);
#639=ORIENTED_EDGE('',*,*,#1173,.F.);
#640=ORIENTED_EDGE('',*,*,#1174,.F.);
#641=ORIENTED_EDGE('',*,*,#1170,.T.);
#642=ORIENTED_EDGE('',*,*,#1175,.T.);
#643=ORIENTED_EDGE('',*,*,#1160,.F.);
#644=ORIENTED_EDGE('',*,*,#1176,.T.);
#645=ORIENTED_EDGE('',*,*,#1173,.T.);
#646=ORIENTED_EDGE('',*,*,#1163,.F.);
#647=ORIENTED_EDGE('',*,*,#1172,.T.);
#648=ORIENTED_EDGE('',*,*,#1176,.F.);
#649=ORIENTED_EDGE('',*,*,#1159,.F.);
#650=ORIENTED_EDGE('',*,*,#1156,.T.);
#651=ORIENTED_EDGE('',*,*,#1155,.T.);
#652=ORIENTED_EDGE('',*,*,#1152,.T.);
#653=ORIENTED_EDGE('',*,*,#1147,.T.);
#654=ORIENTED_EDGE('',*,*,#1177,.T.);
#655=ORIENTED_EDGE('',*,*,#1178,.T.);
#656=ORIENTED_EDGE('',*,*,#1165,.T.);
#657=ORIENTED_EDGE('',*,*,#1168,.T.);
#658=ORIENTED_EDGE('',*,*,#1174,.T.);
#659=ORIENTED_EDGE('',*,*,#1178,.F.);
#660=ORIENTED_EDGE('',*,*,#1179,.T.);
#661=ORIENTED_EDGE('',*,*,#1180,.F.);
#662=ORIENTED_EDGE('',*,*,#1166,.T.);
#663=ORIENTED_EDGE('',*,*,#1181,.T.);
#664=ORIENTED_EDGE('',*,*,#1149,.T.);
#665=ORIENTED_EDGE('',*,*,#1151,.T.);
#666=ORIENTED_EDGE('',*,*,#1154,.T.);
#667=ORIENTED_EDGE('',*,*,#1158,.T.);
#668=ORIENTED_EDGE('',*,*,#1161,.T.);
#669=ORIENTED_EDGE('',*,*,#1175,.F.);
#670=ORIENTED_EDGE('',*,*,#1171,.T.);
#671=ORIENTED_EDGE('',*,*,#1169,.T.);
#672=ORIENTED_EDGE('',*,*,#1167,.T.);
#673=ORIENTED_EDGE('',*,*,#1180,.T.);
#674=ORIENTED_EDGE('',*,*,#1182,.F.);
#675=ORIENTED_EDGE('',*,*,#1183,.T.);
#676=ORIENTED_EDGE('',*,*,#1184,.F.);
#677=ORIENTED_EDGE('',*,*,#1185,.T.);
#678=ORIENTED_EDGE('',*,*,#1143,.T.);
#679=ORIENTED_EDGE('',*,*,#1186,.F.);
#680=ORIENTED_EDGE('',*,*,#1187,.T.);
#681=ORIENTED_EDGE('',*,*,#1188,.T.);
#682=ORIENTED_EDGE('',*,*,#1184,.T.);
#683=ORIENTED_EDGE('',*,*,#1189,.T.);
#684=ORIENTED_EDGE('',*,*,#1190,.T.);
#685=ORIENTED_EDGE('',*,*,#1191,.F.);
#686=ORIENTED_EDGE('',*,*,#1192,.F.);
#687=ORIENTED_EDGE('',*,*,#1193,.F.);
#688=ORIENTED_EDGE('',*,*,#1190,.F.);
#689=ORIENTED_EDGE('',*,*,#1194,.T.);
#690=ORIENTED_EDGE('',*,*,#1195,.T.);
#691=ORIENTED_EDGE('',*,*,#1196,.F.);
#692=ORIENTED_EDGE('',*,*,#1131,.T.);
#693=ORIENTED_EDGE('',*,*,#1134,.F.);
#694=ORIENTED_EDGE('',*,*,#1138,.F.);
#695=ORIENTED_EDGE('',*,*,#1142,.F.);
#696=ORIENTED_EDGE('',*,*,#1144,.T.);
#697=ORIENTED_EDGE('',*,*,#1185,.F.);
#698=ORIENTED_EDGE('',*,*,#1193,.T.);
#699=ORIENTED_EDGE('',*,*,#1195,.F.);
#700=ORIENTED_EDGE('',*,*,#1197,.F.);
#701=ORIENTED_EDGE('',*,*,#1198,.F.);
#702=ORIENTED_EDGE('',*,*,#1199,.F.);
#703=ORIENTED_EDGE('',*,*,#1200,.F.);
#704=ORIENTED_EDGE('',*,*,#1201,.T.);
#705=ORIENTED_EDGE('',*,*,#1202,.F.);
#706=ORIENTED_EDGE('',*,*,#1203,.T.);
#707=ORIENTED_EDGE('',*,*,#1204,.F.);
#708=ORIENTED_EDGE('',*,*,#1205,.F.);
#709=ORIENTED_EDGE('',*,*,#1206,.F.);
#710=ORIENTED_EDGE('',*,*,#1207,.F.);
#711=ORIENTED_EDGE('',*,*,#1208,.F.);
#712=ORIENTED_EDGE('',*,*,#1209,.F.);
#713=ORIENTED_EDGE('',*,*,#1210,.F.);
#714=ORIENTED_EDGE('',*,*,#1211,.F.);
#715=ORIENTED_EDGE('',*,*,#1212,.T.);
#716=ORIENTED_EDGE('',*,*,#1206,.T.);
#717=ORIENTED_EDGE('',*,*,#1213,.F.);
#718=ORIENTED_EDGE('',*,*,#1208,.T.);
#719=ORIENTED_EDGE('',*,*,#1213,.T.);
#720=ORIENTED_EDGE('',*,*,#1205,.T.);
#721=ORIENTED_EDGE('',*,*,#1214,.T.);
#722=ORIENTED_EDGE('',*,*,#1202,.T.);
#723=ORIENTED_EDGE('',*,*,#1215,.T.);
#724=ORIENTED_EDGE('',*,*,#1209,.T.);
#725=ORIENTED_EDGE('',*,*,#1216,.T.);
#726=ORIENTED_EDGE('',*,*,#1217,.F.);
#727=ORIENTED_EDGE('',*,*,#1218,.F.);
#728=ORIENTED_EDGE('',*,*,#1219,.F.);
#729=ORIENTED_EDGE('',*,*,#1218,.T.);
#730=ORIENTED_EDGE('',*,*,#1220,.F.);
#731=ORIENTED_EDGE('',*,*,#1221,.T.);
#732=ORIENTED_EDGE('',*,*,#1222,.F.);
#733=ORIENTED_EDGE('',*,*,#1223,.F.);
#734=ORIENTED_EDGE('',*,*,#1207,.T.);
#735=ORIENTED_EDGE('',*,*,#1212,.F.);
#736=ORIENTED_EDGE('',*,*,#1211,.T.);
#737=ORIENTED_EDGE('',*,*,#1224,.F.);
#738=ORIENTED_EDGE('',*,*,#1225,.F.);
#739=ORIENTED_EDGE('',*,*,#1226,.F.);
#740=ORIENTED_EDGE('',*,*,#1227,.T.);
#741=ORIENTED_EDGE('',*,*,#1228,.F.);
#742=ORIENTED_EDGE('',*,*,#1229,.T.);
#743=ORIENTED_EDGE('',*,*,#1230,.T.);
#744=ORIENTED_EDGE('',*,*,#1221,.F.);
#745=ORIENTED_EDGE('',*,*,#1231,.T.);
#746=ORIENTED_EDGE('',*,*,#1232,.F.);
#747=ORIENTED_EDGE('',*,*,#1233,.T.);
#748=ORIENTED_EDGE('',*,*,#1229,.F.);
#749=ORIENTED_EDGE('',*,*,#1234,.F.);
#750=ORIENTED_EDGE('',*,*,#1235,.F.);
#751=ORIENTED_EDGE('',*,*,#1236,.F.);
#752=ORIENTED_EDGE('',*,*,#1237,.F.);
#753=ORIENTED_EDGE('',*,*,#1238,.F.);
#754=ORIENTED_EDGE('',*,*,#1239,.F.);
#755=ORIENTED_EDGE('',*,*,#1240,.T.);
#756=ORIENTED_EDGE('',*,*,#1237,.T.);
#757=ORIENTED_EDGE('',*,*,#1240,.F.);
#758=ORIENTED_EDGE('',*,*,#1241,.F.);
#759=ORIENTED_EDGE('',*,*,#1242,.T.);
#760=ORIENTED_EDGE('',*,*,#1234,.T.);
#761=ORIENTED_EDGE('',*,*,#1242,.F.);
#762=ORIENTED_EDGE('',*,*,#1243,.F.);
#763=ORIENTED_EDGE('',*,*,#1244,.T.);
#764=ORIENTED_EDGE('',*,*,#1235,.T.);
#765=ORIENTED_EDGE('',*,*,#1244,.F.);
#766=ORIENTED_EDGE('',*,*,#1245,.F.);
#767=ORIENTED_EDGE('',*,*,#1238,.T.);
#768=ORIENTED_EDGE('',*,*,#1236,.T.);
#769=ORIENTED_EDGE('',*,*,#1245,.T.);
#770=ORIENTED_EDGE('',*,*,#1243,.T.);
#771=ORIENTED_EDGE('',*,*,#1241,.T.);
#772=ORIENTED_EDGE('',*,*,#1239,.T.);
#773=ORIENTED_EDGE('',*,*,#1233,.F.);
#774=ORIENTED_EDGE('',*,*,#1246,.T.);
#775=ORIENTED_EDGE('',*,*,#1247,.T.);
#776=ORIENTED_EDGE('',*,*,#1248,.F.);
#777=ORIENTED_EDGE('',*,*,#1249,.F.);
#778=ORIENTED_EDGE('',*,*,#1219,.T.);
#779=ORIENTED_EDGE('',*,*,#1222,.T.);
#780=ORIENTED_EDGE('',*,*,#1230,.F.);
#781=ORIENTED_EDGE('',*,*,#1250,.T.);
#782=ORIENTED_EDGE('',*,*,#1251,.T.);
#783=ORIENTED_EDGE('',*,*,#1252,.T.);
#784=ORIENTED_EDGE('',*,*,#1253,.F.);
#785=ORIENTED_EDGE('',*,*,#1216,.F.);
#786=ORIENTED_EDGE('',*,*,#1249,.T.);
#787=ORIENTED_EDGE('',*,*,#1254,.F.);
#788=ORIENTED_EDGE('',*,*,#1255,.T.);
#789=ORIENTED_EDGE('',*,*,#1256,.F.);
#790=ORIENTED_EDGE('',*,*,#1251,.F.);
#791=ORIENTED_EDGE('',*,*,#1255,.F.);
#792=ORIENTED_EDGE('',*,*,#1257,.F.);
#793=ORIENTED_EDGE('',*,*,#1258,.F.);
#794=ORIENTED_EDGE('',*,*,#1259,.F.);
#795=ORIENTED_EDGE('',*,*,#1260,.F.);
#796=ORIENTED_EDGE('',*,*,#1261,.F.);
#797=ORIENTED_EDGE('',*,*,#1262,.F.);
#798=ORIENTED_EDGE('',*,*,#1258,.T.);
#799=ORIENTED_EDGE('',*,*,#1263,.T.);
#800=ORIENTED_EDGE('',*,*,#1264,.F.);
#801=ORIENTED_EDGE('',*,*,#1265,.T.);
#802=ORIENTED_EDGE('',*,*,#1266,.F.);
#803=ORIENTED_EDGE('',*,*,#1261,.T.);
#804=ORIENTED_EDGE('',*,*,#1267,.F.);
#805=ORIENTED_EDGE('',*,*,#1268,.T.);
#806=ORIENTED_EDGE('',*,*,#1264,.T.);
#807=ORIENTED_EDGE('',*,*,#1269,.F.);
#808=ORIENTED_EDGE('',*,*,#1270,.T.);
#809=ORIENTED_EDGE('',*,*,#1265,.F.);
#810=ORIENTED_EDGE('',*,*,#1263,.F.);
#811=ORIENTED_EDGE('',*,*,#1268,.F.);
#812=ORIENTED_EDGE('',*,*,#1271,.T.);
#813=ORIENTED_EDGE('',*,*,#1272,.T.);
#814=ORIENTED_EDGE('',*,*,#1269,.T.);
#815=ORIENTED_EDGE('',*,*,#1273,.F.);
#816=ORIENTED_EDGE('',*,*,#1274,.F.);
#817=ORIENTED_EDGE('',*,*,#1275,.F.);
#818=ORIENTED_EDGE('',*,*,#1272,.F.);
#819=ORIENTED_EDGE('',*,*,#1276,.T.);
#820=ORIENTED_EDGE('',*,*,#1277,.F.);
#821=ORIENTED_EDGE('',*,*,#1278,.T.);
#822=ORIENTED_EDGE('',*,*,#1279,.F.);
#823=ORIENTED_EDGE('',*,*,#1278,.F.);
#824=ORIENTED_EDGE('',*,*,#1280,.F.);
#825=ORIENTED_EDGE('',*,*,#1274,.T.);
#826=ORIENTED_EDGE('',*,*,#1281,.F.);
#827=ORIENTED_EDGE('',*,*,#1281,.T.);
#828=ORIENTED_EDGE('',*,*,#1273,.T.);
#829=ORIENTED_EDGE('',*,*,#1271,.F.);
#830=ORIENTED_EDGE('',*,*,#1267,.T.);
#831=ORIENTED_EDGE('',*,*,#1260,.T.);
#832=ORIENTED_EDGE('',*,*,#1257,.T.);
#833=ORIENTED_EDGE('',*,*,#1254,.T.);
#834=ORIENTED_EDGE('',*,*,#1250,.F.);
#835=ORIENTED_EDGE('',*,*,#1282,.T.);
#836=ORIENTED_EDGE('',*,*,#1279,.T.);
#837=ORIENTED_EDGE('',*,*,#1282,.F.);
#838=ORIENTED_EDGE('',*,*,#1248,.T.);
#839=ORIENTED_EDGE('',*,*,#1283,.F.);
#840=ORIENTED_EDGE('',*,*,#1276,.F.);
#841=ORIENTED_EDGE('',*,*,#1283,.T.);
#842=ORIENTED_EDGE('',*,*,#1247,.F.);
#843=ORIENTED_EDGE('',*,*,#1284,.F.);
#844=ORIENTED_EDGE('',*,*,#1285,.F.);
#845=ORIENTED_EDGE('',*,*,#1252,.F.);
#846=ORIENTED_EDGE('',*,*,#1256,.T.);
#847=ORIENTED_EDGE('',*,*,#1259,.T.);
#848=ORIENTED_EDGE('',*,*,#1262,.T.);
#849=ORIENTED_EDGE('',*,*,#1266,.T.);
#850=ORIENTED_EDGE('',*,*,#1270,.F.);
#851=ORIENTED_EDGE('',*,*,#1275,.T.);
#852=ORIENTED_EDGE('',*,*,#1280,.T.);
#853=ORIENTED_EDGE('',*,*,#1277,.T.);
#854=ORIENTED_EDGE('',*,*,#1286,.F.);
#855=ORIENTED_EDGE('',*,*,#1198,.T.);
#856=ORIENTED_EDGE('',*,*,#1287,.T.);
#857=ORIENTED_EDGE('',*,*,#1203,.F.);
#858=ORIENTED_EDGE('',*,*,#1214,.F.);
#859=ORIENTED_EDGE('',*,*,#1204,.T.);
#860=ORIENTED_EDGE('',*,*,#1223,.T.);
#861=ORIENTED_EDGE('',*,*,#1220,.T.);
#862=ORIENTED_EDGE('',*,*,#1217,.T.);
#863=ORIENTED_EDGE('',*,*,#1253,.T.);
#864=ORIENTED_EDGE('',*,*,#1285,.T.);
#865=ORIENTED_EDGE('',*,*,#1287,.F.);
#866=ORIENTED_EDGE('',*,*,#1197,.T.);
#867=ORIENTED_EDGE('',*,*,#1194,.F.);
#868=ORIENTED_EDGE('',*,*,#1192,.T.);
#869=ORIENTED_EDGE('',*,*,#1288,.F.);
#870=ORIENTED_EDGE('',*,*,#1200,.T.);
#871=ORIENTED_EDGE('',*,*,#1288,.T.);
#872=ORIENTED_EDGE('',*,*,#1191,.T.);
#873=ORIENTED_EDGE('',*,*,#1189,.F.);
#874=ORIENTED_EDGE('',*,*,#1183,.F.);
#875=ORIENTED_EDGE('',*,*,#1289,.F.);
#876=ORIENTED_EDGE('',*,*,#1290,.F.);
#877=ORIENTED_EDGE('',*,*,#1291,.T.);
#878=ORIENTED_EDGE('',*,*,#1224,.T.);
#879=ORIENTED_EDGE('',*,*,#1210,.T.);
#880=ORIENTED_EDGE('',*,*,#1215,.F.);
#881=ORIENTED_EDGE('',*,*,#1201,.F.);
#882=ORIENTED_EDGE('',*,*,#1291,.F.);
#883=ORIENTED_EDGE('',*,*,#1292,.T.);
#884=ORIENTED_EDGE('',*,*,#1293,.F.);
#885=ORIENTED_EDGE('',*,*,#1225,.T.);
#886=ORIENTED_EDGE('',*,*,#1292,.F.);
#887=ORIENTED_EDGE('',*,*,#1290,.T.);
#888=ORIENTED_EDGE('',*,*,#1294,.F.);
#889=ORIENTED_EDGE('',*,*,#1295,.F.);
#890=ORIENTED_EDGE('',*,*,#1294,.T.);
#891=ORIENTED_EDGE('',*,*,#1289,.T.);
#892=ORIENTED_EDGE('',*,*,#1182,.T.);
#893=ORIENTED_EDGE('',*,*,#1179,.F.);
#894=ORIENTED_EDGE('',*,*,#1177,.F.);
#895=ORIENTED_EDGE('',*,*,#1296,.T.);
#896=ORIENTED_EDGE('',*,*,#1129,.F.);
#897=ORIENTED_EDGE('',*,*,#1127,.F.);
#898=ORIENTED_EDGE('',*,*,#1125,.F.);
#899=ORIENTED_EDGE('',*,*,#1123,.F.);
#900=ORIENTED_EDGE('',*,*,#1296,.F.);
#901=ORIENTED_EDGE('',*,*,#1146,.T.);
#902=ORIENTED_EDGE('',*,*,#1181,.F.);
#903=ORIENTED_EDGE('',*,*,#1188,.F.);
#904=ORIENTED_EDGE('',*,*,#1297,.F.);
#905=ORIENTED_EDGE('',*,*,#1226,.T.);
#906=ORIENTED_EDGE('',*,*,#1293,.T.);
#907=ORIENTED_EDGE('',*,*,#1295,.T.);
#908=ORIENTED_EDGE('',*,*,#1297,.T.);
#909=ORIENTED_EDGE('',*,*,#1187,.F.);
#910=ORIENTED_EDGE('',*,*,#1298,.T.);
#911=ORIENTED_EDGE('',*,*,#1227,.F.);
#912=ORIENTED_EDGE('',*,*,#1041,.T.);
#913=ORIENTED_EDGE('',*,*,#1039,.F.);
#914=ORIENTED_EDGE('',*,*,#1037,.T.);
#915=ORIENTED_EDGE('',*,*,#1035,.F.);
#916=ORIENTED_EDGE('',*,*,#1033,.T.);
#917=ORIENTED_EDGE('',*,*,#1031,.F.);
#918=ORIENTED_EDGE('',*,*,#1029,.T.);
#919=ORIENTED_EDGE('',*,*,#1026,.F.);
#920=ORIENTED_EDGE('',*,*,#1079,.F.);
#921=ORIENTED_EDGE('',*,*,#1066,.T.);
#922=ORIENTED_EDGE('',*,*,#1068,.F.);
#923=ORIENTED_EDGE('',*,*,#1070,.T.);
#924=ORIENTED_EDGE('',*,*,#1072,.F.);
#925=ORIENTED_EDGE('',*,*,#1074,.T.);
#926=ORIENTED_EDGE('',*,*,#1076,.F.);
#927=ORIENTED_EDGE('',*,*,#1078,.T.);
#928=ORIENTED_EDGE('',*,*,#1117,.F.);
#929=ORIENTED_EDGE('',*,*,#1104,.T.);
#930=ORIENTED_EDGE('',*,*,#1106,.F.);
#931=ORIENTED_EDGE('',*,*,#1108,.T.);
#932=ORIENTED_EDGE('',*,*,#1110,.F.);
#933=ORIENTED_EDGE('',*,*,#1112,.T.);
#934=ORIENTED_EDGE('',*,*,#1114,.F.);
#935=ORIENTED_EDGE('',*,*,#1116,.T.);
#936=ORIENTED_EDGE('',*,*,#1298,.F.);
#937=ORIENTED_EDGE('',*,*,#1186,.T.);
#938=ORIENTED_EDGE('',*,*,#1145,.T.);
#939=ORIENTED_EDGE('',*,*,#1140,.T.);
#940=ORIENTED_EDGE('',*,*,#1139,.T.);
#941=ORIENTED_EDGE('',*,*,#1135,.T.);
#942=ORIENTED_EDGE('',*,*,#1133,.T.);
#943=ORIENTED_EDGE('',*,*,#1299,.T.);
#944=ORIENTED_EDGE('',*,*,#1231,.F.);
#945=ORIENTED_EDGE('',*,*,#1228,.T.);
#946=ORIENTED_EDGE('',*,*,#1299,.F.);
#947=ORIENTED_EDGE('',*,*,#1132,.T.);
#948=ORIENTED_EDGE('',*,*,#1196,.T.);
#949=ORIENTED_EDGE('',*,*,#1199,.T.);
#950=ORIENTED_EDGE('',*,*,#1286,.T.);
#951=ORIENTED_EDGE('',*,*,#1284,.T.);
#952=ORIENTED_EDGE('',*,*,#1246,.F.);
#953=ORIENTED_EDGE('',*,*,#1232,.T.);
#954=EDGE_CURVE('',#1300,#1301,#1520,.T.);
#955=EDGE_CURVE('',#1300,#1302,#158,.T.);
#956=EDGE_CURVE('',#1303,#1302,#1521,.T.);
#957=EDGE_CURVE('',#1303,#1301,#1522,.T.);
#958=EDGE_CURVE('',#1304,#1302,#1523,.T.);
#959=EDGE_CURVE('',#1305,#1304,#1524,.T.);
#960=EDGE_CURVE('',#1305,#1303,#1525,.T.);
#961=EDGE_CURVE('',#1301,#1306,#1526,.T.);
#962=EDGE_CURVE('',#1305,#1306,#1527,.T.);
#963=EDGE_CURVE('',#1307,#1306,#1528,.T.);
#964=EDGE_CURVE('',#1300,#1307,#1529,.T.);
#965=EDGE_CURVE('',#1304,#1307,#159,.T.);
#966=EDGE_CURVE('',#1308,#1309,#1530,.T.);
#967=EDGE_CURVE('',#1310,#1308,#1531,.T.);
#968=EDGE_CURVE('',#1310,#1311,#1532,.T.);
#969=EDGE_CURVE('',#1311,#1309,#1533,.T.);
#970=EDGE_CURVE('',#1312,#1311,#1534,.T.);
#971=EDGE_CURVE('',#1313,#1312,#1535,.T.);
#972=EDGE_CURVE('',#1313,#1309,#1536,.T.);
#973=EDGE_CURVE('',#1312,#1314,#1537,.T.);
#974=EDGE_CURVE('',#1315,#1314,#1538,.T.);
#975=EDGE_CURVE('',#1313,#1315,#1539,.T.);
#976=EDGE_CURVE('',#1315,#1308,#160,.T.);
#977=EDGE_CURVE('',#1310,#1314,#161,.T.);
#978=EDGE_CURVE('',#1316,#1317,#162,.T.);
#979=EDGE_CURVE('',#1318,#1317,#1540,.T.);
#980=EDGE_CURVE('',#1318,#1319,#163,.T.);
#981=EDGE_CURVE('',#1320,#1319,#1541,.T.);
#982=EDGE_CURVE('',#1320,#1321,#164,.T.);
#983=EDGE_CURVE('',#1322,#1321,#1542,.T.);
#984=EDGE_CURVE('',#1322,#1323,#165,.T.);
#985=EDGE_CURVE('',#1316,#1323,#1543,.T.);
#986=EDGE_CURVE('',#1316,#1324,#166,.T.);
#987=EDGE_CURVE('',#1324,#1325,#167,.T.);
#988=EDGE_CURVE('',#1325,#1317,#168,.T.);
#989=EDGE_CURVE('',#1325,#1326,#1544,.T.);
#990=EDGE_CURVE('',#1318,#1326,#169,.T.);
#991=EDGE_CURVE('',#1327,#1319,#170,.T.);
#992=EDGE_CURVE('',#1326,#1327,#171,.T.);
#993=EDGE_CURVE('',#1320,#1328,#172,.T.);
#994=EDGE_CURVE('',#1327,#1328,#1545,.T.);
#995=EDGE_CURVE('',#1329,#1321,#173,.T.);
#996=EDGE_CURVE('',#1328,#1329,#174,.T.);
#997=EDGE_CURVE('',#1329,#1330,#1546,.T.);
#998=EDGE_CURVE('',#1322,#1330,#175,.T.);
#999=EDGE_CURVE('',#1330,#1331,#176,.T.);
#1000=EDGE_CURVE('',#1331,#1323,#177,.T.);
#1001=EDGE_CURVE('',#1331,#1324,#1547,.T.);
#1002=EDGE_CURVE('',#1324,#1332,#1548,.T.);
#1003=EDGE_CURVE('',#1333,#1331,#1549,.T.);
#1004=EDGE_CURVE('',#1332,#1333,#1550,.T.);
#1005=EDGE_CURVE('',#1330,#1334,#1551,.T.);
#1006=EDGE_CURVE('',#1333,#1334,#178,.T.);
#1007=EDGE_CURVE('',#1335,#1329,#1552,.T.);
#1008=EDGE_CURVE('',#1334,#1335,#1553,.T.);
#1009=EDGE_CURVE('',#1328,#1336,#1554,.T.);
#1010=EDGE_CURVE('',#1335,#1336,#179,.T.);
#1011=EDGE_CURVE('',#1337,#1327,#1555,.T.);
#1012=EDGE_CURVE('',#1336,#1337,#1556,.T.);
#1013=EDGE_CURVE('',#1326,#1338,#1557,.T.);
#1014=EDGE_CURVE('',#1337,#1338,#180,.T.);
#1015=EDGE_CURVE('',#1339,#1325,#1558,.T.);
#1016=EDGE_CURVE('',#1338,#1339,#1559,.T.);
#1017=EDGE_CURVE('',#1339,#1332,#181,.T.);
#1018=EDGE_CURVE('',#1340,#1341,#1560,.T.);
#1019=EDGE_CURVE('',#1341,#1342,#182,.T.);
#1020=EDGE_CURVE('',#1342,#1343,#1561,.T.);
#1021=EDGE_CURVE('',#1343,#1344,#183,.T.);
#1022=EDGE_CURVE('',#1344,#1345,#1562,.T.);
#1023=EDGE_CURVE('',#1345,#1346,#184,.T.);
#1024=EDGE_CURVE('',#1346,#1347,#1563,.T.);
#1025=EDGE_CURVE('',#1347,#1340,#185,.T.);
#1026=EDGE_CURVE('',#1348,#1349,#1564,.T.);
#1027=EDGE_CURVE('',#1349,#1343,#1565,.T.);
#1028=EDGE_CURVE('',#1342,#1348,#1566,.T.);
#1029=EDGE_CURVE('',#1350,#1349,#186,.T.);
#1030=EDGE_CURVE('',#1344,#1350,#1567,.T.);
#1031=EDGE_CURVE('',#1350,#1351,#1568,.T.);
#1032=EDGE_CURVE('',#1351,#1345,#1569,.T.);
#1033=EDGE_CURVE('',#1352,#1351,#187,.T.);
#1034=EDGE_CURVE('',#1346,#1352,#1570,.T.);
#1035=EDGE_CURVE('',#1352,#1353,#1571,.T.);
#1036=EDGE_CURVE('',#1353,#1347,#1572,.T.);
#1037=EDGE_CURVE('',#1354,#1353,#188,.T.);
#1038=EDGE_CURVE('',#1340,#1354,#1573,.T.);
#1039=EDGE_CURVE('',#1354,#1355,#1574,.T.);
#1040=EDGE_CURVE('',#1355,#1341,#1575,.T.);
#1041=EDGE_CURVE('',#1348,#1355,#189,.T.);
#1042=EDGE_CURVE('',#1356,#1357,#1576,.T.);
#1043=EDGE_CURVE('',#1356,#1358,#190,.T.);
#1044=EDGE_CURVE('',#1359,#1358,#1577,.T.);
#1045=EDGE_CURVE('',#1359,#1360,#191,.T.);
#1046=EDGE_CURVE('',#1361,#1360,#1578,.T.);
#1047=EDGE_CURVE('',#1357,#1361,#1579,.T.);
#1048=EDGE_CURVE('',#1357,#1362,#14,.T.);
#1049=EDGE_CURVE('',#1362,#1363,#1580,.T.);
#1050=EDGE_CURVE('',#1356,#1363,#192,.T.);
#1051=EDGE_CURVE('',#1364,#1358,#193,.T.);
#1052=EDGE_CURVE('',#1363,#1364,#194,.T.);
#1053=EDGE_CURVE('',#1359,#1365,#195,.T.);
#1054=EDGE_CURVE('',#1364,#1365,#1581,.T.);
#1055=EDGE_CURVE('',#1366,#1360,#196,.T.);
#1056=EDGE_CURVE('',#1365,#1366,#197,.T.);
#1057=EDGE_CURVE('',#1361,#1367,#15,.F.);
#1058=EDGE_CURVE('',#1366,#1367,#1582,.T.);
#1059=EDGE_CURVE('',#1361,#1368,#16,.T.);
#1060=EDGE_CURVE('',#1367,#1368,#198,.T.);
#1061=EDGE_CURVE('',#1368,#1369,#1583,.T.);
#1062=EDGE_CURVE('',#1357,#1369,#17,.F.);
#1063=EDGE_CURVE('',#1369,#1362,#199,.T.);
#1064=EDGE_CURVE('',#1370,#1362,#1584,.T.);
#1065=EDGE_CURVE('',#1369,#1371,#1585,.T.);
#1066=EDGE_CURVE('',#1370,#1371,#200,.T.);
#1067=EDGE_CURVE('',#1372,#1368,#1586,.T.);
#1068=EDGE_CURVE('',#1372,#1371,#1587,.T.);
#1069=EDGE_CURVE('',#1367,#1373,#1588,.T.);
#1070=EDGE_CURVE('',#1372,#1373,#201,.T.);
#1071=EDGE_CURVE('',#1374,#1366,#1589,.T.);
#1072=EDGE_CURVE('',#1374,#1373,#1590,.T.);
#1073=EDGE_CURVE('',#1365,#1375,#1591,.T.);
#1074=EDGE_CURVE('',#1374,#1375,#202,.T.);
#1075=EDGE_CURVE('',#1376,#1364,#1592,.T.);
#1076=EDGE_CURVE('',#1376,#1375,#1593,.T.);
#1077=EDGE_CURVE('',#1363,#1377,#1594,.T.);
#1078=EDGE_CURVE('',#1376,#1377,#203,.T.);
#1079=EDGE_CURVE('',#1370,#1377,#1595,.T.);
#1080=EDGE_CURVE('',#1378,#1379,#1596,.T.);
#1081=EDGE_CURVE('',#1380,#1378,#1597,.T.);
#1082=EDGE_CURVE('',#1381,#1380,#1598,.T.);
#1083=EDGE_CURVE('',#1381,#1382,#204,.T.);
#1084=EDGE_CURVE('',#1383,#1382,#1599,.T.);
#1085=EDGE_CURVE('',#1383,#1379,#205,.T.);
#1086=EDGE_CURVE('',#1380,#1384,#18,.F.);
#1087=EDGE_CURVE('',#1378,#1385,#19,.T.);
#1088=EDGE_CURVE('',#1385,#1384,#1600,.T.);
#1089=EDGE_CURVE('',#1384,#1386,#206,.T.);
#1090=EDGE_CURVE('',#1380,#1386,#20,.T.);
#1091=EDGE_CURVE('',#1381,#1387,#207,.T.);
#1092=EDGE_CURVE('',#1386,#1387,#1601,.T.);
#1093=EDGE_CURVE('',#1388,#1382,#208,.T.);
#1094=EDGE_CURVE('',#1387,#1388,#209,.T.);
#1095=EDGE_CURVE('',#1383,#1389,#210,.T.);
#1096=EDGE_CURVE('',#1388,#1389,#1602,.T.);
#1097=EDGE_CURVE('',#1389,#1390,#211,.T.);
#1098=EDGE_CURVE('',#1390,#1379,#212,.T.);
#1099=EDGE_CURVE('',#1390,#1391,#1603,.T.);
#1100=EDGE_CURVE('',#1378,#1391,#21,.F.);
#1101=EDGE_CURVE('',#1391,#1385,#213,.T.);
#1102=EDGE_CURVE('',#1392,#1385,#1604,.T.);
#1103=EDGE_CURVE('',#1391,#1393,#1605,.T.);
#1104=EDGE_CURVE('',#1392,#1393,#214,.T.);
#1105=EDGE_CURVE('',#1394,#1390,#1606,.T.);
#1106=EDGE_CURVE('',#1394,#1393,#1607,.T.);
#1107=EDGE_CURVE('',#1389,#1395,#1608,.T.);
#1108=EDGE_CURVE('',#1394,#1395,#215,.T.);
#1109=EDGE_CURVE('',#1396,#1388,#1609,.T.);
#1110=EDGE_CURVE('',#1396,#1395,#1610,.T.);
#1111=EDGE_CURVE('',#1387,#1397,#1611,.T.);
#1112=EDGE_CURVE('',#1396,#1397,#216,.T.);
#1113=EDGE_CURVE('',#1398,#1386,#1612,.T.);
#1114=EDGE_CURVE('',#1398,#1397,#1613,.T.);
#1115=EDGE_CURVE('',#1384,#1399,#1614,.T.);
#1116=EDGE_CURVE('',#1398,#1399,#217,.T.);
#1117=EDGE_CURVE('',#1392,#1399,#1615,.T.);
#1118=EDGE_CURVE('',#1400,#1401,#1616,.T.);
#1119=EDGE_CURVE('',#1401,#1402,#1617,.T.);
#1120=EDGE_CURVE('',#1402,#1403,#1618,.T.);
#1121=EDGE_CURVE('',#1403,#1400,#1619,.T.);
#1122=EDGE_CURVE('',#1404,#1401,#1620,.T.);
#1123=EDGE_CURVE('',#1404,#1405,#1621,.T.);
#1124=EDGE_CURVE('',#1405,#1402,#1622,.T.);
#1125=EDGE_CURVE('',#1405,#1406,#1623,.T.);
#1126=EDGE_CURVE('',#1406,#1403,#1624,.T.);
#1127=EDGE_CURVE('',#1406,#1407,#1625,.T.);
#1128=EDGE_CURVE('',#1407,#1400,#1626,.T.);
#1129=EDGE_CURVE('',#1407,#1404,#1627,.T.);
#1130=EDGE_CURVE('',#1408,#1409,#1628,.T.);
#1131=EDGE_CURVE('',#1410,#1408,#218,.T.);
#1132=EDGE_CURVE('',#1411,#1410,#1629,.T.);
#1133=EDGE_CURVE('',#1409,#1411,#219,.T.);
#1134=EDGE_CURVE('',#1412,#1408,#1630,.T.);
#1135=EDGE_CURVE('',#1413,#1409,#1631,.T.);
#1136=EDGE_CURVE('',#1413,#1412,#1632,.T.);
#1137=EDGE_CURVE('',#1414,#1415,#1633,.T.);
#1138=EDGE_CURVE('',#1415,#1412,#1634,.T.);
#1139=EDGE_CURVE('',#1414,#1413,#1635,.T.);
#1140=EDGE_CURVE('',#1416,#1414,#1636,.T.);
#1141=EDGE_CURVE('',#1416,#1417,#1637,.T.);
#1142=EDGE_CURVE('',#1417,#1415,#1638,.T.);
#1143=EDGE_CURVE('',#1418,#1419,#1639,.T.);
#1144=EDGE_CURVE('',#1417,#1418,#220,.T.);
#1145=EDGE_CURVE('',#1419,#1416,#221,.T.);
#1146=EDGE_CURVE('',#1420,#1421,#1640,.T.);
#1147=EDGE_CURVE('',#1422,#1420,#1641,.T.);
#1148=EDGE_CURVE('',#1423,#1422,#1642,.T.);
#1149=EDGE_CURVE('',#1421,#1423,#1643,.T.);
#1150=EDGE_CURVE('',#1424,#1425,#1644,.T.);
#1151=EDGE_CURVE('',#1423,#1425,#222,.T.);
#1152=EDGE_CURVE('',#1424,#1422,#223,.T.);
#1153=EDGE_CURVE('',#1426,#1427,#1645,.T.);
#1154=EDGE_CURVE('',#1425,#1427,#1646,.T.);
#1155=EDGE_CURVE('',#1426,#1424,#1647,.T.);
#1156=EDGE_CURVE('',#1428,#1426,#224,.T.);
#1157=EDGE_CURVE('',#1429,#1428,#1648,.T.);
#1158=EDGE_CURVE('',#1427,#1429,#225,.T.);
#1159=EDGE_CURVE('',#1428,#1430,#1649,.T.);
#1160=EDGE_CURVE('',#1430,#1431,#226,.T.);
#1161=EDGE_CURVE('',#1429,#1431,#1650,.T.);
#1162=EDGE_CURVE('',#1432,#1433,#22,.F.);
#1163=EDGE_CURVE('',#1432,#1433,#227,.F.);
#1164=EDGE_CURVE('',#1434,#1435,#1651,.T.);
#1165=EDGE_CURVE('',#1436,#1434,#228,.T.);
#1166=EDGE_CURVE('',#1437,#1436,#1652,.T.);
#1167=EDGE_CURVE('',#1435,#1437,#229,.T.);
#1168=EDGE_CURVE('',#1434,#1438,#1653,.T.);
#1169=EDGE_CURVE('',#1439,#1435,#1654,.T.);
#1170=EDGE_CURVE('',#1438,#1439,#1655,.T.);
#1171=EDGE_CURVE('',#1440,#1439,#230,.T.);
#1172=EDGE_CURVE('',#1432,#1440,#231,.T.);
#1173=EDGE_CURVE('',#1441,#1433,#232,.T.);
#1174=EDGE_CURVE('',#1438,#1441,#233,.T.);
#1175=EDGE_CURVE('',#1440,#1431,#1656,.T.);
#1176=EDGE_CURVE('',#1430,#1441,#1657,.T.);
#1177=EDGE_CURVE('',#1420,#1442,#1658,.T.);
#1178=EDGE_CURVE('',#1442,#1436,#1659,.T.);
#1179=EDGE_CURVE('',#1442,#1443,#1660,.T.);
#1180=EDGE_CURVE('',#1437,#1443,#1661,.T.);
#1181=EDGE_CURVE('',#1444,#1421,#1662,.T.);
#1182=EDGE_CURVE('',#1445,#1443,#1663,.T.);
#1183=EDGE_CURVE('',#1445,#1446,#1664,.T.);
#1184=EDGE_CURVE('',#1444,#1446,#1665,.T.);
#1185=EDGE_CURVE('',#1447,#1418,#1666,.T.);
#1186=EDGE_CURVE('',#1448,#1419,#1667,.T.);
#1187=EDGE_CURVE('',#1448,#1449,#234,.T.);
#1188=EDGE_CURVE('',#1449,#1444,#1668,.T.);
#1189=EDGE_CURVE('',#1446,#1450,#1669,.T.);
#1190=EDGE_CURVE('',#1450,#1447,#235,.T.);
#1191=EDGE_CURVE('',#1451,#1450,#1670,.T.);
#1192=EDGE_CURVE('',#1452,#1451,#236,.T.);
#1193=EDGE_CURVE('',#1447,#1452,#1671,.T.);
#1194=EDGE_CURVE('',#1452,#1453,#1672,.T.);
#1195=EDGE_CURVE('',#1453,#1454,#1673,.T.);
#1196=EDGE_CURVE('',#1410,#1454,#1674,.T.);
#1197=EDGE_CURVE('',#1455,#1453,#237,.T.);
#1198=EDGE_CURVE('',#1456,#1455,#1675,.T.);
#1199=EDGE_CURVE('',#1454,#1456,#238,.T.);
#1200=EDGE_CURVE('',#1457,#1458,#1676,.T.);
#1201=EDGE_CURVE('',#1457,#1459,#1677,.T.);
#1202=EDGE_CURVE('',#1460,#1459,#1678,.T.);
#1203=EDGE_CURVE('',#1460,#1458,#1679,.T.);
#1204=EDGE_CURVE('',#1461,#1462,#1680,.T.);
#1205=EDGE_CURVE('',#1463,#1461,#239,.T.);
#1206=EDGE_CURVE('',#1464,#1463,#1681,.T.);
#1207=EDGE_CURVE('',#1462,#1464,#240,.T.);
#1208=EDGE_CURVE('',#1465,#1466,#1682,.T.);
#1209=EDGE_CURVE('',#1467,#1465,#241,.T.);
#1210=EDGE_CURVE('',#1468,#1467,#1683,.T.);
#1211=EDGE_CURVE('',#1466,#1468,#242,.T.);
#1212=EDGE_CURVE('',#1466,#1464,#1684,.T.);
#1213=EDGE_CURVE('',#1465,#1463,#1685,.T.);
#1214=EDGE_CURVE('',#1461,#1460,#1686,.T.);
#1215=EDGE_CURVE('',#1459,#1467,#1687,.T.);
#1216=EDGE_CURVE('',#1469,#1470,#1688,.T.);
#1217=EDGE_CURVE('',#1471,#1470,#1689,.T.);
#1218=EDGE_CURVE('',#1472,#1471,#1690,.T.);
#1219=EDGE_CURVE('',#1469,#1472,#1691,.T.);
#1220=EDGE_CURVE('',#1473,#1471,#243,.T.);
#1221=EDGE_CURVE('',#1473,#1474,#1692,.T.);
#1222=EDGE_CURVE('',#1472,#1474,#244,.T.);
#1223=EDGE_CURVE('',#1462,#1473,#1693,.T.);
#1224=EDGE_CURVE('',#1475,#1468,#1694,.T.);
#1225=EDGE_CURVE('',#1476,#1475,#1695,.T.);
#1226=EDGE_CURVE('',#1477,#1476,#1696,.T.);
#1227=EDGE_CURVE('',#1477,#1478,#245,.T.);
#1228=EDGE_CURVE('',#1479,#1478,#1697,.T.);
#1229=EDGE_CURVE('',#1479,#1480,#246,.T.);
#1230=EDGE_CURVE('',#1480,#1474,#1698,.T.);
#1231=EDGE_CURVE('',#1479,#1481,#1699,.T.);
#1232=EDGE_CURVE('',#1482,#1481,#247,.T.);
#1233=EDGE_CURVE('',#1482,#1480,#1700,.T.);
#1234=EDGE_CURVE('',#1483,#1484,#1701,.T.);
#1235=EDGE_CURVE('',#1485,#1483,#1702,.T.);
#1236=EDGE_CURVE('',#1486,#1485,#1703,.T.);
#1237=EDGE_CURVE('',#1484,#1486,#1704,.T.);
#1238=EDGE_CURVE('',#1487,#1486,#1705,.T.);
#1239=EDGE_CURVE('',#1488,#1487,#1706,.T.);
#1240=EDGE_CURVE('',#1488,#1484,#1707,.T.);
#1241=EDGE_CURVE('',#1489,#1488,#1708,.T.);
#1242=EDGE_CURVE('',#1489,#1483,#1709,.T.);
#1243=EDGE_CURVE('',#1490,#1489,#1710,.T.);
#1244=EDGE_CURVE('',#1490,#1485,#1711,.T.);
#1245=EDGE_CURVE('',#1487,#1490,#1712,.T.);
#1246=EDGE_CURVE('',#1482,#1491,#1713,.T.);
#1247=EDGE_CURVE('',#1491,#1492,#1714,.T.);
#1248=EDGE_CURVE('',#1493,#1492,#1715,.T.);
#1249=EDGE_CURVE('',#1469,#1493,#1716,.T.);
#1250=EDGE_CURVE('',#1493,#1494,#1717,.T.);
#1251=EDGE_CURVE('',#1494,#1495,#1718,.T.);
#1252=EDGE_CURVE('',#1495,#1496,#1719,.T.);
#1253=EDGE_CURVE('',#1470,#1496,#1720,.T.);
#1254=EDGE_CURVE('',#1497,#1494,#1721,.T.);
#1255=EDGE_CURVE('',#1497,#1498,#1722,.T.);
#1256=EDGE_CURVE('',#1495,#1498,#1723,.T.);
#1257=EDGE_CURVE('',#1499,#1497,#248,.T.);
#1258=EDGE_CURVE('',#1500,#1499,#1724,.T.);
#1259=EDGE_CURVE('',#1498,#1500,#249,.T.);
#1260=EDGE_CURVE('',#1501,#1499,#1725,.T.);
#1261=EDGE_CURVE('',#1502,#1501,#1726,.T.);
#1262=EDGE_CURVE('',#1500,#1502,#1727,.T.);
#1263=EDGE_CURVE('',#1503,#1504,#250,.F.);
#1264=EDGE_CURVE('',#1503,#1504,#23,.F.);
#1265=EDGE_CURVE('',#1504,#1505,#251,.T.);
#1266=EDGE_CURVE('',#1502,#1505,#252,.T.);
#1267=EDGE_CURVE('',#1506,#1501,#253,.T.);
#1268=EDGE_CURVE('',#1506,#1503,#254,.T.);
#1269=EDGE_CURVE('',#1507,#1508,#255,.T.);
#1270=EDGE_CURVE('',#1507,#1505,#1728,.T.);
#1271=EDGE_CURVE('',#1506,#1508,#1729,.T.);
#1272=EDGE_CURVE('',#1508,#1507,#1730,.T.);
#1273=EDGE_CURVE('',#1509,#1508,#256,.T.);
#1274=EDGE_CURVE('',#1510,#1509,#1731,.T.);
#1275=EDGE_CURVE('',#1507,#1510,#257,.T.);
#1276=EDGE_CURVE('',#1511,#1512,#1732,.T.);
#1277=EDGE_CURVE('',#1513,#1512,#258,.T.);
#1278=EDGE_CURVE('',#1513,#1514,#1733,.T.);
#1279=EDGE_CURVE('',#1511,#1514,#259,.T.);
#1280=EDGE_CURVE('',#1510,#1513,#1734,.T.);
#1281=EDGE_CURVE('',#1514,#1509,#1735,.T.);
#1282=EDGE_CURVE('',#1493,#1511,#1736,.T.);
#1283=EDGE_CURVE('',#1512,#1492,#1737,.T.);
#1284=EDGE_CURVE('',#1515,#1491,#1738,.T.);
#1285=EDGE_CURVE('',#1496,#1515,#1739,.T.);
#1286=EDGE_CURVE('',#1456,#1515,#1740,.T.);
#1287=EDGE_CURVE('',#1455,#1458,#1741,.T.);
#1288=EDGE_CURVE('',#1457,#1451,#1742,.T.);
#1289=EDGE_CURVE('',#1516,#1445,#1743,.T.);
#1290=EDGE_CURVE('',#1517,#1516,#1744,.T.);
#1291=EDGE_CURVE('',#1517,#1475,#260,.T.);
#1292=EDGE_CURVE('',#1517,#1518,#1745,.T.);
#1293=EDGE_CURVE('',#1476,#1518,#261,.T.);
#1294=EDGE_CURVE('',#1519,#1516,#1746,.T.);
#1295=EDGE_CURVE('',#1518,#1519,#1747,.T.);
#1296=EDGE_CURVE('',#1420,#1519,#1748,.T.);
#1297=EDGE_CURVE('',#1477,#1449,#1749,.T.);
#1298=EDGE_CURVE('',#1448,#1478,#1750,.T.);
#1299=EDGE_CURVE('',#1411,#1481,#1751,.T.);
#1300=VERTEX_POINT('',#3826);
#1301=VERTEX_POINT('',#3827);
#1302=VERTEX_POINT('',#3829);
#1303=VERTEX_POINT('',#3831);
#1304=VERTEX_POINT('',#3835);
#1305=VERTEX_POINT('',#3837);
#1306=VERTEX_POINT('',#3841);
#1307=VERTEX_POINT('',#3845);
#1308=VERTEX_POINT('',#3853);
#1309=VERTEX_POINT('',#3854);
#1310=VERTEX_POINT('',#3856);
#1311=VERTEX_POINT('',#3858);
#1312=VERTEX_POINT('',#3862);
#1313=VERTEX_POINT('',#3864);
#1314=VERTEX_POINT('',#3868);
#1315=VERTEX_POINT('',#3870);
#1316=VERTEX_POINT('',#3880);
#1317=VERTEX_POINT('',#3881);
#1318=VERTEX_POINT('',#3883);
#1319=VERTEX_POINT('',#3885);
#1320=VERTEX_POINT('',#3887);
#1321=VERTEX_POINT('',#3889);
#1322=VERTEX_POINT('',#3891);
#1323=VERTEX_POINT('',#3893);
#1324=VERTEX_POINT('',#3897);
#1325=VERTEX_POINT('',#3899);
#1326=VERTEX_POINT('',#3903);
#1327=VERTEX_POINT('',#3907);
#1328=VERTEX_POINT('',#3911);
#1329=VERTEX_POINT('',#3915);
#1330=VERTEX_POINT('',#3919);
#1331=VERTEX_POINT('',#3923);
#1332=VERTEX_POINT('',#3929);
#1333=VERTEX_POINT('',#3931);
#1334=VERTEX_POINT('',#3935);
#1335=VERTEX_POINT('',#3939);
#1336=VERTEX_POINT('',#3943);
#1337=VERTEX_POINT('',#3947);
#1338=VERTEX_POINT('',#3951);
#1339=VERTEX_POINT('',#3955);
#1340=VERTEX_POINT('',#3961);
#1341=VERTEX_POINT('',#3962);
#1342=VERTEX_POINT('',#3964);
#1343=VERTEX_POINT('',#3966);
#1344=VERTEX_POINT('',#3968);
#1345=VERTEX_POINT('',#3970);
#1346=VERTEX_POINT('',#3972);
#1347=VERTEX_POINT('',#3974);
#1348=VERTEX_POINT('',#3978);
#1349=VERTEX_POINT('',#3979);
#1350=VERTEX_POINT('',#3984);
#1351=VERTEX_POINT('',#3988);
#1352=VERTEX_POINT('',#3992);
#1353=VERTEX_POINT('',#3996);
#1354=VERTEX_POINT('',#4000);
#1355=VERTEX_POINT('',#4004);
#1356=VERTEX_POINT('',#4010);
#1357=VERTEX_POINT('',#4011);
#1358=VERTEX_POINT('',#4013);
#1359=VERTEX_POINT('',#4015);
#1360=VERTEX_POINT('',#4017);
#1361=VERTEX_POINT('',#4019);
#1362=VERTEX_POINT('',#4026);
#1363=VERTEX_POINT('',#4028);
#1364=VERTEX_POINT('',#4032);
#1365=VERTEX_POINT('',#4036);
#1366=VERTEX_POINT('',#4040);
#1367=VERTEX_POINT('',#4047);
#1368=VERTEX_POINT('',#4073);
#1369=VERTEX_POINT('',#4077);
#1370=VERTEX_POINT('',#4105);
#1371=VERTEX_POINT('',#4107);
#1372=VERTEX_POINT('',#4111);
#1373=VERTEX_POINT('',#4115);
#1374=VERTEX_POINT('',#4119);
#1375=VERTEX_POINT('',#4123);
#1376=VERTEX_POINT('',#4127);
#1377=VERTEX_POINT('',#4131);
#1378=VERTEX_POINT('',#4137);
#1379=VERTEX_POINT('',#4138);
#1380=VERTEX_POINT('',#4140);
#1381=VERTEX_POINT('',#4142);
#1382=VERTEX_POINT('',#4144);
#1383=VERTEX_POINT('',#4146);
#1384=VERTEX_POINT('',#4153);
#1385=VERTEX_POINT('',#4158);
#1386=VERTEX_POINT('',#4181);
#1387=VERTEX_POINT('',#4188);
#1388=VERTEX_POINT('',#4192);
#1389=VERTEX_POINT('',#4196);
#1390=VERTEX_POINT('',#4200);
#1391=VERTEX_POINT('',#4204);
#1392=VERTEX_POINT('',#4232);
#1393=VERTEX_POINT('',#4234);
#1394=VERTEX_POINT('',#4238);
#1395=VERTEX_POINT('',#4242);
#1396=VERTEX_POINT('',#4246);
#1397=VERTEX_POINT('',#4250);
#1398=VERTEX_POINT('',#4254);
#1399=VERTEX_POINT('',#4258);
#1400=VERTEX_POINT('',#4264);
#1401=VERTEX_POINT('',#4265);
#1402=VERTEX_POINT('',#4267);
#1403=VERTEX_POINT('',#4269);
#1404=VERTEX_POINT('',#4273);
#1405=VERTEX_POINT('',#4275);
#1406=VERTEX_POINT('',#4279);
#1407=VERTEX_POINT('',#4283);
#1408=VERTEX_POINT('',#4289);
#1409=VERTEX_POINT('',#4290);
#1410=VERTEX_POINT('',#4292);
#1411=VERTEX_POINT('',#4294);
#1412=VERTEX_POINT('',#4298);
#1413=VERTEX_POINT('',#4300);
#1414=VERTEX_POINT('',#4304);
#1415=VERTEX_POINT('',#4305);
#1416=VERTEX_POINT('',#4310);
#1417=VERTEX_POINT('',#4312);
#1418=VERTEX_POINT('',#4316);
#1419=VERTEX_POINT('',#4317);
#1420=VERTEX_POINT('',#4322);
#1421=VERTEX_POINT('',#4323);
#1422=VERTEX_POINT('',#4325);
#1423=VERTEX_POINT('',#4327);
#1424=VERTEX_POINT('',#4331);
#1425=VERTEX_POINT('',#4332);
#1426=VERTEX_POINT('',#4337);
#1427=VERTEX_POINT('',#4338);
#1428=VERTEX_POINT('',#4343);
#1429=VERTEX_POINT('',#4345);
#1430=VERTEX_POINT('',#4349);
#1431=VERTEX_POINT('',#4351);
#1432=VERTEX_POINT('',#4358);
#1433=VERTEX_POINT('',#4359);
#1434=VERTEX_POINT('',#4363);
#1435=VERTEX_POINT('',#4364);
#1436=VERTEX_POINT('',#4366);
#1437=VERTEX_POINT('',#4368);
#1438=VERTEX_POINT('',#4372);
#1439=VERTEX_POINT('',#4374);
#1440=VERTEX_POINT('',#4378);
#1441=VERTEX_POINT('',#4381);
#1442=VERTEX_POINT('',#4388);
#1443=VERTEX_POINT('',#4392);
#1444=VERTEX_POINT('',#4396);
#1445=VERTEX_POINT('',#4398);
#1446=VERTEX_POINT('',#4400);
#1447=VERTEX_POINT('',#4404);
#1448=VERTEX_POINT('',#4406);
#1449=VERTEX_POINT('',#4408);
#1450=VERTEX_POINT('',#4411);
#1451=VERTEX_POINT('',#4415);
#1452=VERTEX_POINT('',#4417);
#1453=VERTEX_POINT('',#4421);
#1454=VERTEX_POINT('',#4423);
#1455=VERTEX_POINT('',#4427);
#1456=VERTEX_POINT('',#4429);
#1457=VERTEX_POINT('',#4433);
#1458=VERTEX_POINT('',#4434);
#1459=VERTEX_POINT('',#4436);
#1460=VERTEX_POINT('',#4438);
#1461=VERTEX_POINT('',#4442);
#1462=VERTEX_POINT('',#4443);
#1463=VERTEX_POINT('',#4445);
#1464=VERTEX_POINT('',#4447);
#1465=VERTEX_POINT('',#4451);
#1466=VERTEX_POINT('',#4452);
#1467=VERTEX_POINT('',#4454);
#1468=VERTEX_POINT('',#4456);
#1469=VERTEX_POINT('',#4466);
#1470=VERTEX_POINT('',#4467);
#1471=VERTEX_POINT('',#4469);
#1472=VERTEX_POINT('',#4471);
#1473=VERTEX_POINT('',#4475);
#1474=VERTEX_POINT('',#4477);
#1475=VERTEX_POINT('',#4482);
#1476=VERTEX_POINT('',#4484);
#1477=VERTEX_POINT('',#4486);
#1478=VERTEX_POINT('',#4488);
#1479=VERTEX_POINT('',#4490);
#1480=VERTEX_POINT('',#4492);
#1481=VERTEX_POINT('',#4496);
#1482=VERTEX_POINT('',#4498);
#1483=VERTEX_POINT('',#4502);
#1484=VERTEX_POINT('',#4503);
#1485=VERTEX_POINT('',#4505);
#1486=VERTEX_POINT('',#4507);
#1487=VERTEX_POINT('',#4511);
#1488=VERTEX_POINT('',#4513);
#1489=VERTEX_POINT('',#4517);
#1490=VERTEX_POINT('',#4521);
#1491=VERTEX_POINT('',#4527);
#1492=VERTEX_POINT('',#4529);
#1493=VERTEX_POINT('',#4531);
#1494=VERTEX_POINT('',#4535);
#1495=VERTEX_POINT('',#4537);
#1496=VERTEX_POINT('',#4539);
#1497=VERTEX_POINT('',#4543);
#1498=VERTEX_POINT('',#4545);
#1499=VERTEX_POINT('',#4549);
#1500=VERTEX_POINT('',#4551);
#1501=VERTEX_POINT('',#4555);
#1502=VERTEX_POINT('',#4557);
#1503=VERTEX_POINT('',#4561);
#1504=VERTEX_POINT('',#4562);
#1505=VERTEX_POINT('',#4569);
#1506=VERTEX_POINT('',#4572);
#1507=VERTEX_POINT('',#4576);
#1508=VERTEX_POINT('',#4577);
#1509=VERTEX_POINT('',#4584);
#1510=VERTEX_POINT('',#4586);
#1511=VERTEX_POINT('',#4590);
#1512=VERTEX_POINT('',#4591);
#1513=VERTEX_POINT('',#4593);
#1514=VERTEX_POINT('',#4595);
#1515=VERTEX_POINT('',#4606);
#1516=VERTEX_POINT('',#4615);
#1517=VERTEX_POINT('',#4617);
#1518=VERTEX_POINT('',#4621);
#1519=VERTEX_POINT('',#4625);
#1520=LINE('',#3825,#1752);
#1521=LINE('',#3830,#1753);
#1522=LINE('',#3832,#1754);
#1523=LINE('',#3834,#1755);
#1524=LINE('',#3836,#1756);
#1525=LINE('',#3838,#1757);
#1526=LINE('',#3840,#1758);
#1527=LINE('',#3842,#1759);
#1528=LINE('',#3844,#1760);
#1529=LINE('',#3846,#1761);
#1530=LINE('',#3852,#1762);
#1531=LINE('',#3855,#1763);
#1532=LINE('',#3857,#1764);
#1533=LINE('',#3859,#1765);
#1534=LINE('',#3861,#1766);
#1535=LINE('',#3863,#1767);
#1536=LINE('',#3865,#1768);
#1537=LINE('',#3867,#1769);
#1538=LINE('',#3869,#1770);
#1539=LINE('',#3871,#1771);
#1540=LINE('',#3882,#1772);
#1541=LINE('',#3886,#1773);
#1542=LINE('',#3890,#1774);
#1543=LINE('',#3894,#1775);
#1544=LINE('',#3902,#1776);
#1545=LINE('',#3912,#1777);
#1546=LINE('',#3918,#1778);
#1547=LINE('',#3926,#1779);
#1548=LINE('',#3928,#1780);
#1549=LINE('',#3930,#1781);
#1550=LINE('',#3932,#1782);
#1551=LINE('',#3934,#1783);
#1552=LINE('',#3938,#1784);
#1553=LINE('',#3940,#1785);
#1554=LINE('',#3942,#1786);
#1555=LINE('',#3946,#1787);
#1556=LINE('',#3948,#1788);
#1557=LINE('',#3950,#1789);
#1558=LINE('',#3954,#1790);
#1559=LINE('',#3956,#1791);
#1560=LINE('',#3960,#1792);
#1561=LINE('',#3965,#1793);
#1562=LINE('',#3969,#1794);
#1563=LINE('',#3973,#1795);
#1564=LINE('',#3977,#1796);
#1565=LINE('',#3980,#1797);
#1566=LINE('',#3981,#1798);
#1567=LINE('',#3985,#1799);
#1568=LINE('',#3987,#1800);
#1569=LINE('',#3989,#1801);
#1570=LINE('',#3993,#1802);
#1571=LINE('',#3995,#1803);
#1572=LINE('',#3997,#1804);
#1573=LINE('',#4001,#1805);
#1574=LINE('',#4003,#1806);
#1575=LINE('',#4005,#1807);
#1576=LINE('',#4009,#1808);
#1577=LINE('',#4014,#1809);
#1578=LINE('',#4018,#1810);
#1579=LINE('',#4020,#1811);
#1580=LINE('',#4027,#1812);
#1581=LINE('',#4037,#1813);
#1582=LINE('',#4048,#1814);
#1583=LINE('',#4076,#1815);
#1584=LINE('',#4104,#1816);
#1585=LINE('',#4106,#1817);
#1586=LINE('',#4110,#1818);
#1587=LINE('',#4112,#1819);
#1588=LINE('',#4114,#1820);
#1589=LINE('',#4118,#1821);
#1590=LINE('',#4120,#1822);
#1591=LINE('',#4122,#1823);
#1592=LINE('',#4126,#1824);
#1593=LINE('',#4128,#1825);
#1594=LINE('',#4130,#1826);
#1595=LINE('',#4134,#1827);
#1596=LINE('',#4136,#1828);
#1597=LINE('',#4139,#1829);
#1598=LINE('',#4141,#1830);
#1599=LINE('',#4145,#1831);
#1600=LINE('',#4159,#1832);
#1601=LINE('',#4189,#1833);
#1602=LINE('',#4197,#1834);
#1603=LINE('',#4203,#1835);
#1604=LINE('',#4231,#1836);
#1605=LINE('',#4233,#1837);
#1606=LINE('',#4237,#1838);
#1607=LINE('',#4239,#1839);
#1608=LINE('',#4241,#1840);
#1609=LINE('',#4245,#1841);
#1610=LINE('',#4247,#1842);
#1611=LINE('',#4249,#1843);
#1612=LINE('',#4253,#1844);
#1613=LINE('',#4255,#1845);
#1614=LINE('',#4257,#1846);
#1615=LINE('',#4261,#1847);
#1616=LINE('',#4263,#1848);
#1617=LINE('',#4266,#1849);
#1618=LINE('',#4268,#1850);
#1619=LINE('',#4270,#1851);
#1620=LINE('',#4272,#1852);
#1621=LINE('',#4274,#1853);
#1622=LINE('',#4276,#1854);
#1623=LINE('',#4278,#1855);
#1624=LINE('',#4280,#1856);
#1625=LINE('',#4282,#1857);
#1626=LINE('',#4284,#1858);
#1627=LINE('',#4286,#1859);
#1628=LINE('',#4288,#1860);
#1629=LINE('',#4293,#1861);
#1630=LINE('',#4297,#1862);
#1631=LINE('',#4299,#1863);
#1632=LINE('',#4301,#1864);
#1633=LINE('',#4303,#1865);
#1634=LINE('',#4306,#1866);
#1635=LINE('',#4307,#1867);
#1636=LINE('',#4309,#1868);
#1637=LINE('',#4311,#1869);
#1638=LINE('',#4313,#1870);
#1639=LINE('',#4315,#1871);
#1640=LINE('',#4321,#1872);
#1641=LINE('',#4324,#1873);
#1642=LINE('',#4326,#1874);
#1643=LINE('',#4328,#1875);
#1644=LINE('',#4330,#1876);
#1645=LINE('',#4336,#1877);
#1646=LINE('',#4339,#1878);
#1647=LINE('',#4340,#1879);
#1648=LINE('',#4344,#1880);
#1649=LINE('',#4348,#1881);
#1650=LINE('',#4352,#1882);
#1651=LINE('',#4362,#1883);
#1652=LINE('',#4367,#1884);
#1653=LINE('',#4371,#1885);
#1654=LINE('',#4373,#1886);
#1655=LINE('',#4375,#1887);
#1656=LINE('',#4384,#1888);
#1657=LINE('',#4385,#1889);
#1658=LINE('',#4387,#1890);
#1659=LINE('',#4389,#1891);
#1660=LINE('',#4391,#1892);
#1661=LINE('',#4393,#1893);
#1662=LINE('',#4395,#1894);
#1663=LINE('',#4397,#1895);
#1664=LINE('',#4399,#1896);
#1665=LINE('',#4401,#1897);
#1666=LINE('',#4403,#1898);
#1667=LINE('',#4405,#1899);
#1668=LINE('',#4409,#1900);
#1669=LINE('',#4410,#1901);
#1670=LINE('',#4414,#1902);
#1671=LINE('',#4418,#1903);
#1672=LINE('',#4420,#1904);
#1673=LINE('',#4422,#1905);
#1674=LINE('',#4424,#1906);
#1675=LINE('',#4428,#1907);
#1676=LINE('',#4432,#1908);
#1677=LINE('',#4435,#1909);
#1678=LINE('',#4437,#1910);
#1679=LINE('',#4439,#1911);
#1680=LINE('',#4441,#1912);
#1681=LINE('',#4446,#1913);
#1682=LINE('',#4450,#1914);
#1683=LINE('',#4455,#1915);
#1684=LINE('',#4459,#1916);
#1685=LINE('',#4460,#1917);
#1686=LINE('',#4462,#1918);
#1687=LINE('',#4463,#1919);
#1688=LINE('',#4465,#1920);
#1689=LINE('',#4468,#1921);
#1690=LINE('',#4470,#1922);
#1691=LINE('',#4472,#1923);
#1692=LINE('',#4476,#1924);
#1693=LINE('',#4480,#1925);
#1694=LINE('',#4481,#1926);
#1695=LINE('',#4483,#1927);
#1696=LINE('',#4485,#1928);
#1697=LINE('',#4489,#1929);
#1698=LINE('',#4493,#1930);
#1699=LINE('',#4495,#1931);
#1700=LINE('',#4499,#1932);
#1701=LINE('',#4501,#1933);
#1702=LINE('',#4504,#1934);
#1703=LINE('',#4506,#1935);
#1704=LINE('',#4508,#1936);
#1705=LINE('',#4510,#1937);
#1706=LINE('',#4512,#1938);
#1707=LINE('',#4514,#1939);
#1708=LINE('',#4516,#1940);
#1709=LINE('',#4518,#1941);
#1710=LINE('',#4520,#1942);
#1711=LINE('',#4522,#1943);
#1712=LINE('',#4524,#1944);
#1713=LINE('',#4526,#1945);
#1714=LINE('',#4528,#1946);
#1715=LINE('',#4530,#1947);
#1716=LINE('',#4532,#1948);
#1717=LINE('',#4534,#1949);
#1718=LINE('',#4536,#1950);
#1719=LINE('',#4538,#1951);
#1720=LINE('',#4540,#1952);
#1721=LINE('',#4542,#1953);
#1722=LINE('',#4544,#1954);
#1723=LINE('',#4546,#1955);
#1724=LINE('',#4550,#1956);
#1725=LINE('',#4554,#1957);
#1726=LINE('',#4556,#1958);
#1727=LINE('',#4558,#1959);
#1728=LINE('',#4578,#1960);
#1729=LINE('',#4579,#1961);
#1730=LINE('',#4581,#1962);
#1731=LINE('',#4585,#1963);
#1732=LINE('',#4589,#1964);
#1733=LINE('',#4594,#1965);
#1734=LINE('',#4598,#1966);
#1735=LINE('',#4599,#1967);
#1736=LINE('',#4601,#1968);
#1737=LINE('',#4603,#1969);
#1738=LINE('',#4605,#1970);
#1739=LINE('',#4607,#1971);
#1740=LINE('',#4609,#1972);
#1741=LINE('',#4610,#1973);
#1742=LINE('',#4612,#1974);
#1743=LINE('',#4614,#1975);
#1744=LINE('',#4616,#1976);
#1745=LINE('',#4620,#1977);
#1746=LINE('',#4624,#1978);
#1747=LINE('',#4626,#1979);
#1748=LINE('',#4628,#1980);
#1749=LINE('',#4630,#1981);
#1750=LINE('',#4632,#1982);
#1751=LINE('',#4634,#1983);
#1752=VECTOR('',#3111,1.);
#1753=VECTOR('',#3114,1.);
#1754=VECTOR('',#3115,1.);
#1755=VECTOR('',#3118,1.);
#1756=VECTOR('',#3119,1.);
#1757=VECTOR('',#3120,1.);
#1758=VECTOR('',#3123,1.);
#1759=VECTOR('',#3124,1.);
#1760=VECTOR('',#3127,1.);
#1761=VECTOR('',#3128,1.);
#1762=VECTOR('',#3139,1.);
#1763=VECTOR('',#3140,1.);
#1764=VECTOR('',#3141,1.);
#1765=VECTOR('',#3142,1.);
#1766=VECTOR('',#3145,1.);
#1767=VECTOR('',#3146,1.);
#1768=VECTOR('',#3147,1.);
#1769=VECTOR('',#3150,1.);
#1770=VECTOR('',#3151,1.);
#1771=VECTOR('',#3152,1.);
#1772=VECTOR('',#3169,1.);
#1773=VECTOR('',#3172,1.);
#1774=VECTOR('',#3175,1.);
#1775=VECTOR('',#3178,1.);
#1776=VECTOR('',#3189,1.);
#1777=VECTOR('',#3202,1.);
#1778=VECTOR('',#3211,1.);
#1779=VECTOR('',#3222,1.);
#1780=VECTOR('',#3225,1.);
#1781=VECTOR('',#3226,1.);
#1782=VECTOR('',#3227,1.);
#1783=VECTOR('',#3230,1.);
#1784=VECTOR('',#3235,1.);
#1785=VECTOR('',#3236,1.);
#1786=VECTOR('',#3239,1.);
#1787=VECTOR('',#3244,1.);
#1788=VECTOR('',#3245,1.);
#1789=VECTOR('',#3248,1.);
#1790=VECTOR('',#3253,1.);
#1791=VECTOR('',#3254,1.);
#1792=VECTOR('',#3261,1.);
#1793=VECTOR('',#3264,1.);
#1794=VECTOR('',#3267,1.);
#1795=VECTOR('',#3270,1.);
#1796=VECTOR('',#3275,1.);
#1797=VECTOR('',#3276,1.);
#1798=VECTOR('',#3277,1.);
#1799=VECTOR('',#3282,1.);
#1800=VECTOR('',#3285,1.);
#1801=VECTOR('',#3286,1.);
#1802=VECTOR('',#3291,1.);
#1803=VECTOR('',#3294,1.);
#1804=VECTOR('',#3295,1.);
#1805=VECTOR('',#3300,1.);
#1806=VECTOR('',#3303,1.);
#1807=VECTOR('',#3304,1.);
#1808=VECTOR('',#3311,1.);
#1809=VECTOR('',#3314,1.);
#1810=VECTOR('',#3317,1.);
#1811=VECTOR('',#3318,1.);
#1812=VECTOR('',#3321,1.);
#1813=VECTOR('',#3334,1.);
#1814=VECTOR('',#3343,1.);
#1815=VECTOR('',#3348,1.);
#1816=VECTOR('',#3353,1.);
#1817=VECTOR('',#3354,1.);
#1818=VECTOR('',#3359,1.);
#1819=VECTOR('',#3360,1.);
#1820=VECTOR('',#3363,1.);
#1821=VECTOR('',#3368,1.);
#1822=VECTOR('',#3369,1.);
#1823=VECTOR('',#3372,1.);
#1824=VECTOR('',#3377,1.);
#1825=VECTOR('',#3378,1.);
#1826=VECTOR('',#3381,1.);
#1827=VECTOR('',#3386,1.);
#1828=VECTOR('',#3389,1.);
#1829=VECTOR('',#3390,1.);
#1830=VECTOR('',#3391,1.);
#1831=VECTOR('',#3394,1.);
#1832=VECTOR('',#3399,1.);
#1833=VECTOR('',#3406,1.);
#1834=VECTOR('',#3417,1.);
#1835=VECTOR('',#3426,1.);
#1836=VECTOR('',#3431,1.);
#1837=VECTOR('',#3432,1.);
#1838=VECTOR('',#3437,1.);
#1839=VECTOR('',#3438,1.);
#1840=VECTOR('',#3441,1.);
#1841=VECTOR('',#3446,1.);
#1842=VECTOR('',#3447,1.);
#1843=VECTOR('',#3450,1.);
#1844=VECTOR('',#3455,1.);
#1845=VECTOR('',#3456,1.);
#1846=VECTOR('',#3459,1.);
#1847=VECTOR('',#3464,1.);
#1848=VECTOR('',#3467,1.);
#1849=VECTOR('',#3468,1.);
#1850=VECTOR('',#3469,1.);
#1851=VECTOR('',#3470,1.);
#1852=VECTOR('',#3473,1.);
#1853=VECTOR('',#3474,1.);
#1854=VECTOR('',#3475,1.);
#1855=VECTOR('',#3478,1.);
#1856=VECTOR('',#3479,1.);
#1857=VECTOR('',#3482,1.);
#1858=VECTOR('',#3483,1.);
#1859=VECTOR('',#3486,1.);
#1860=VECTOR('',#3489,1.);
#1861=VECTOR('',#3492,1.);
#1862=VECTOR('',#3497,1.);
#1863=VECTOR('',#3498,1.);
#1864=VECTOR('',#3499,1.);
#1865=VECTOR('',#3502,1.);
#1866=VECTOR('',#3503,1.);
#1867=VECTOR('',#3504,1.);
#1868=VECTOR('',#3507,1.);
#1869=VECTOR('',#3508,1.);
#1870=VECTOR('',#3509,1.);
#1871=VECTOR('',#3512,1.);
#1872=VECTOR('',#3519,1.);
#1873=VECTOR('',#3520,1.);
#1874=VECTOR('',#3521,1.);
#1875=VECTOR('',#3522,1.);
#1876=VECTOR('',#3525,1.);
#1877=VECTOR('',#3532,1.);
#1878=VECTOR('',#3533,1.);
#1879=VECTOR('',#3534,1.);
#1880=VECTOR('',#3539,1.);
#1881=VECTOR('',#3544,1.);
#1882=VECTOR('',#3547,1.);
#1883=VECTOR('',#3554,1.);
#1884=VECTOR('',#3557,1.);
#1885=VECTOR('',#3562,1.);
#1886=VECTOR('',#3563,1.);
#1887=VECTOR('',#3564,1.);
#1888=VECTOR('',#3577,1.);
#1889=VECTOR('',#3578,1.);
#1890=VECTOR('',#3581,1.);
#1891=VECTOR('',#3582,1.);
#1892=VECTOR('',#3585,1.);
#1893=VECTOR('',#3586,1.);
#1894=VECTOR('',#3589,1.);
#1895=VECTOR('',#3590,1.);
#1896=VECTOR('',#3591,1.);
#1897=VECTOR('',#3592,1.);
#1898=VECTOR('',#3595,1.);
#1899=VECTOR('',#3596,1.);
#1900=VECTOR('',#3599,1.);
#1901=VECTOR('',#3600,1.);
#1902=VECTOR('',#3605,1.);
#1903=VECTOR('',#3608,1.);
#1904=VECTOR('',#3611,1.);
#1905=VECTOR('',#3612,1.);
#1906=VECTOR('',#3613,1.);
#1907=VECTOR('',#3618,1.);
#1908=VECTOR('',#3623,1.);
#1909=VECTOR('',#3624,1.);
#1910=VECTOR('',#3625,1.);
#1911=VECTOR('',#3626,1.);
#1912=VECTOR('',#3629,1.);
#1913=VECTOR('',#3632,1.);
#1914=VECTOR('',#3637,1.);
#1915=VECTOR('',#3640,1.);
#1916=VECTOR('',#3645,1.);
#1917=VECTOR('',#3646,1.);
#1918=VECTOR('',#3649,1.);
#1919=VECTOR('',#3650,1.);
#1920=VECTOR('',#3653,1.);
#1921=VECTOR('',#3654,1.);
#1922=VECTOR('',#3655,1.);
#1923=VECTOR('',#3656,1.);
#1924=VECTOR('',#3661,1.);
#1925=VECTOR('',#3666,1.);
#1926=VECTOR('',#3667,1.);
#1927=VECTOR('',#3668,1.);
#1928=VECTOR('',#3669,1.);
#1929=VECTOR('',#3672,1.);
#1930=VECTOR('',#3675,1.);
#1931=VECTOR('',#3678,1.);
#1932=VECTOR('',#3681,1.);
#1933=VECTOR('',#3684,1.);
#1934=VECTOR('',#3685,1.);
#1935=VECTOR('',#3686,1.);
#1936=VECTOR('',#3687,1.);
#1937=VECTOR('',#3690,1.);
#1938=VECTOR('',#3691,1.);
#1939=VECTOR('',#3692,1.);
#1940=VECTOR('',#3695,1.);
#1941=VECTOR('',#3696,1.);
#1942=VECTOR('',#3699,1.);
#1943=VECTOR('',#3700,1.);
#1944=VECTOR('',#3703,1.);
#1945=VECTOR('',#3706,1.);
#1946=VECTOR('',#3707,1.);
#1947=VECTOR('',#3708,1.);
#1948=VECTOR('',#3709,1.);
#1949=VECTOR('',#3712,1.);
#1950=VECTOR('',#3713,1.);
#1951=VECTOR('',#3714,1.);
#1952=VECTOR('',#3715,1.);
#1953=VECTOR('',#3718,1.);
#1954=VECTOR('',#3719,1.);
#1955=VECTOR('',#3720,1.);
#1956=VECTOR('',#3725,1.);
#1957=VECTOR('',#3730,1.);
#1958=VECTOR('',#3731,1.);
#1959=VECTOR('',#3732,1.);
#1960=VECTOR('',#3751,1.);
#1961=VECTOR('',#3752,1.);
#1962=VECTOR('',#3755,1.);
#1963=VECTOR('',#3760,1.);
#1964=VECTOR('',#3765,1.);
#1965=VECTOR('',#3768,1.);
#1966=VECTOR('',#3773,1.);
#1967=VECTOR('',#3774,1.);
#1968=VECTOR('',#3777,1.);
#1969=VECTOR('',#3780,1.);
#1970=VECTOR('',#3783,1.);
#1971=VECTOR('',#3784,1.);
#1972=VECTOR('',#3787,1.);
#1973=VECTOR('',#3788,1.);
#1974=VECTOR('',#3791,1.);
#1975=VECTOR('',#3794,1.);
#1976=VECTOR('',#3795,1.);
#1977=VECTOR('',#3800,1.);
#1978=VECTOR('',#3805,1.);
#1979=VECTOR('',#3806,1.);
#1980=VECTOR('',#3809,1.);
#1981=VECTOR('',#3812,1.);
#1982=VECTOR('',#3815,1.);
#1983=VECTOR('',#3818,1.);
#1984=EDGE_LOOP('',(#262,#263,#264,#265));
#1985=EDGE_LOOP('',(#266,#267,#268,#269));
#1986=EDGE_LOOP('',(#270,#271,#272,#273));
#1987=EDGE_LOOP('',(#274,#275,#276,#277));
#1988=EDGE_LOOP('',(#278,#279,#280,#281));
#1989=EDGE_LOOP('',(#282,#283,#284,#285));
#1990=EDGE_LOOP('',(#286,#287,#288,#289));
#1991=EDGE_LOOP('',(#290,#291,#292,#293));
#1992=EDGE_LOOP('',(#294,#295,#296,#297));
#1993=EDGE_LOOP('',(#298,#299,#300,#301));
#1994=EDGE_LOOP('',(#302,#303,#304,#305));
#1995=EDGE_LOOP('',(#306,#307,#308,#309));
#1996=EDGE_LOOP('',(#310,#311,#312,#313,#314,#315,#316,#317));
#1997=EDGE_LOOP('',(#318,#319,#320,#321));
#1998=EDGE_LOOP('',(#322,#323,#324,#325));
#1999=EDGE_LOOP('',(#326,#327,#328,#329));
#2000=EDGE_LOOP('',(#330,#331,#332,#333));
#2001=EDGE_LOOP('',(#334,#335,#336,#337));
#2002=EDGE_LOOP('',(#338,#339,#340,#341));
#2003=EDGE_LOOP('',(#342,#343,#344,#345));
#2004=EDGE_LOOP('',(#346,#347,#348,#349));
#2005=EDGE_LOOP('',(#350,#351,#352,#353));
#2006=EDGE_LOOP('',(#354,#355,#356,#357));
#2007=EDGE_LOOP('',(#358,#359,#360,#361));
#2008=EDGE_LOOP('',(#362,#363,#364,#365));
#2009=EDGE_LOOP('',(#366,#367,#368,#369));
#2010=EDGE_LOOP('',(#370,#371,#372,#373));
#2011=EDGE_LOOP('',(#374,#375,#376,#377));
#2012=EDGE_LOOP('',(#378,#379,#380,#381));
#2013=EDGE_LOOP('',(#382,#383,#384,#385,#386,#387,#388,#389));
#2014=EDGE_LOOP('',(#390,#391,#392,#393,#394,#395,#396,#397));
#2015=EDGE_LOOP('',(#398,#399,#400,#401));
#2016=EDGE_LOOP('',(#402,#403,#404,#405));
#2017=EDGE_LOOP('',(#406,#407,#408,#409));
#2018=EDGE_LOOP('',(#410,#411,#412,#413));
#2019=EDGE_LOOP('',(#414,#415,#416,#417));
#2020=EDGE_LOOP('',(#418,#419,#420,#421));
#2021=EDGE_LOOP('',(#422,#423,#424,#425));
#2022=EDGE_LOOP('',(#426,#427,#428,#429));
#2023=EDGE_LOOP('',(#430,#431,#432,#433,#434,#435));
#2024=EDGE_LOOP('',(#436,#437,#438,#439));
#2025=EDGE_LOOP('',(#440,#441,#442,#443));
#2026=EDGE_LOOP('',(#444,#445,#446,#447));
#2027=EDGE_LOOP('',(#448,#449,#450,#451));
#2028=EDGE_LOOP('',(#452,#453,#454,#455));
#2029=EDGE_LOOP('',(#456,#457,#458));
#2030=EDGE_LOOP('',(#459,#460,#461,#462));
#2031=EDGE_LOOP('',(#463,#464,#465));
#2032=EDGE_LOOP('',(#466,#467,#468,#469));
#2033=EDGE_LOOP('',(#470,#471,#472,#473));
#2034=EDGE_LOOP('',(#474,#475,#476,#477));
#2035=EDGE_LOOP('',(#478,#479,#480,#481));
#2036=EDGE_LOOP('',(#482,#483,#484,#485));
#2037=EDGE_LOOP('',(#486,#487,#488,#489));
#2038=EDGE_LOOP('',(#490,#491,#492,#493));
#2039=EDGE_LOOP('',(#494,#495,#496,#497));
#2040=EDGE_LOOP('',(#498,#499,#500,#501,#502,#503));
#2041=EDGE_LOOP('',(#504,#505,#506,#507));
#2042=EDGE_LOOP('',(#508,#509,#510));
#2043=EDGE_LOOP('',(#511,#512,#513,#514));
#2044=EDGE_LOOP('',(#515,#516,#517,#518));
#2045=EDGE_LOOP('',(#519,#520,#521,#522));
#2046=EDGE_LOOP('',(#523,#524,#525,#526));
#2047=EDGE_LOOP('',(#527,#528,#529,#530));
#2048=EDGE_LOOP('',(#531,#532,#533));
#2049=EDGE_LOOP('',(#534,#535,#536,#537));
#2050=EDGE_LOOP('',(#538,#539,#540,#541));
#2051=EDGE_LOOP('',(#542,#543,#544,#545));
#2052=EDGE_LOOP('',(#546,#547,#548,#549));
#2053=EDGE_LOOP('',(#550,#551,#552,#553));
#2054=EDGE_LOOP('',(#554,#555,#556,#557));
#2055=EDGE_LOOP('',(#558,#559,#560,#561));
#2056=EDGE_LOOP('',(#562,#563,#564,#565));
#2057=EDGE_LOOP('',(#566,#567,#568,#569));
#2058=EDGE_LOOP('',(#570,#571,#572,#573));
#2059=EDGE_LOOP('',(#574,#575,#576,#577));
#2060=EDGE_LOOP('',(#578,#579,#580,#581));
#2061=EDGE_LOOP('',(#582,#583,#584,#585));
#2062=EDGE_LOOP('',(#586,#587,#588,#589));
#2063=EDGE_LOOP('',(#590,#591,#592,#593));
#2064=EDGE_LOOP('',(#594,#595,#596,#597));
#2065=EDGE_LOOP('',(#598,#599,#600,#601));
#2066=EDGE_LOOP('',(#602,#603,#604,#605));
#2067=EDGE_LOOP('',(#606,#607,#608,#609));
#2068=EDGE_LOOP('',(#610,#611,#612,#613));
#2069=EDGE_LOOP('',(#614,#615,#616,#617));
#2070=EDGE_LOOP('',(#618,#619,#620,#621));
#2071=EDGE_LOOP('',(#622,#623,#624,#625));
#2072=EDGE_LOOP('',(#626,#627));
#2073=EDGE_LOOP('',(#628,#629,#630,#631));
#2074=EDGE_LOOP('',(#632,#633,#634,#635));
#2075=EDGE_LOOP('',(#636,#637,#638,#639,#640,#641));
#2076=EDGE_LOOP('',(#642,#643,#644,#645,#646,#647));
#2077=EDGE_LOOP('',(#648,#649,#650,#651,#652,#653,#654,#655,#656,#657,#658));
#2078=EDGE_LOOP('',(#659,#660,#661,#662));
#2079=EDGE_LOOP('',(#663,#664,#665,#666,#667,#668,#669,#670,#671,#672,#673,#674,#675,#676));
#2080=EDGE_LOOP('',(#677,#678,#679,#680,#681,#682,#683,#684));
#2081=EDGE_LOOP('',(#685,#686,#687,#688));
#2082=EDGE_LOOP('',(#689,#690,#691,#692,#693,#694,#695,#696,#697,#698));
#2083=EDGE_LOOP('',(#699,#700,#701,#702));
#2084=EDGE_LOOP('',(#703,#704,#705,#706));
#2085=EDGE_LOOP('',(#707,#708,#709,#710));
#2086=EDGE_LOOP('',(#711,#712,#713,#714));
#2087=EDGE_LOOP('',(#715,#716,#717,#718));
#2088=EDGE_LOOP('',(#719,#720,#721,#722,#723,#724));
#2089=EDGE_LOOP('',(#725,#726,#727,#728));
#2090=EDGE_LOOP('',(#729,#730,#731,#732));
#2091=EDGE_LOOP('',(#733,#734,#735,#736,#737,#738,#739,#740,#741,#742,#743,#744));
#2092=EDGE_LOOP('',(#745,#746,#747,#748));
#2093=EDGE_LOOP('',(#749,#750,#751,#752));
#2094=EDGE_LOOP('',(#753,#754,#755,#756));
#2095=EDGE_LOOP('',(#757,#758,#759,#760));
#2096=EDGE_LOOP('',(#761,#762,#763,#764));
#2097=EDGE_LOOP('',(#765,#766,#767,#768));
#2098=EDGE_LOOP('',(#769,#770,#771,#772));
#2099=EDGE_LOOP('',(#773,#774,#775,#776,#777,#778,#779,#780));
#2100=EDGE_LOOP('',(#781,#782,#783,#784,#785,#786));
#2101=EDGE_LOOP('',(#787,#788,#789,#790));
#2102=EDGE_LOOP('',(#791,#792,#793,#794));
#2103=EDGE_LOOP('',(#795,#796,#797,#798));
#2104=EDGE_LOOP('',(#799,#800));
#2105=EDGE_LOOP('',(#801,#802,#803,#804,#805,#806));
#2106=EDGE_LOOP('',(#807,#808,#809,#810,#811,#812));
#2107=EDGE_LOOP('',(#813,#814));
#2108=EDGE_LOOP('',(#815,#816,#817,#818));
#2109=EDGE_LOOP('',(#819,#820,#821,#822));
#2110=EDGE_LOOP('',(#823,#824,#825,#826));
#2111=EDGE_LOOP('',(#827,#828,#829,#830,#831,#832,#833,#834,#835,#836));
#2112=EDGE_LOOP('',(#837,#838,#839,#840));
#2113=EDGE_LOOP('',(#841,#842,#843,#844,#845,#846,#847,#848,#849,#850,#851,#852,#853));
#2114=EDGE_LOOP('',(#854,#855,#856,#857,#858,#859,#860,#861,#862,#863,#864));
#2115=EDGE_LOOP('',(#865,#866,#867,#868,#869,#870));
#2116=EDGE_LOOP('',(#871,#872,#873,#874,#875,#876,#877,#878,#879,#880,#881));
#2117=EDGE_LOOP('',(#882,#883,#884,#885));
#2118=EDGE_LOOP('',(#886,#887,#888,#889));
#2119=EDGE_LOOP('',(#890,#891,#892,#893,#894,#895));
#2120=EDGE_LOOP('',(#896,#897,#898,#899));
#2121=EDGE_LOOP('',(#900,#901,#902,#903,#904,#905,#906,#907));
#2122=EDGE_LOOP('',(#908,#909,#910,#911));
#2123=EDGE_LOOP('',(#912,#913,#914,#915,#916,#917,#918,#919));
#2124=EDGE_LOOP('',(#920,#921,#922,#923,#924,#925,#926,#927));
#2125=EDGE_LOOP('',(#928,#929,#930,#931,#932,#933,#934,#935));
#2126=EDGE_LOOP('',(#936,#937,#938,#939,#940,#941,#942,#943,#944,#945));
#2127=EDGE_LOOP('',(#946,#947,#948,#949,#950,#951,#952,#953));
#2128=FACE_BOUND('',#1984,.T.);
#2129=FACE_BOUND('',#1985,.T.);
#2130=FACE_BOUND('',#1986,.T.);
#2131=FACE_BOUND('',#1987,.T.);
#2132=FACE_BOUND('',#1988,.T.);
#2133=FACE_BOUND('',#1989,.T.);
#2134=FACE_BOUND('',#1990,.T.);
#2135=FACE_BOUND('',#1991,.T.);
#2136=FACE_BOUND('',#1992,.T.);
#2137=FACE_BOUND('',#1993,.T.);
#2138=FACE_BOUND('',#1994,.T.);
#2139=FACE_BOUND('',#1995,.T.);
#2140=FACE_BOUND('',#1996,.T.);
#2141=FACE_BOUND('',#1997,.T.);
#2142=FACE_BOUND('',#1998,.T.);
#2143=FACE_BOUND('',#1999,.T.);
#2144=FACE_BOUND('',#2000,.T.);
#2145=FACE_BOUND('',#2001,.T.);
#2146=FACE_BOUND('',#2002,.T.);
#2147=FACE_BOUND('',#2003,.T.);
#2148=FACE_BOUND('',#2004,.T.);
#2149=FACE_BOUND('',#2005,.T.);
#2150=FACE_BOUND('',#2006,.T.);
#2151=FACE_BOUND('',#2007,.T.);
#2152=FACE_BOUND('',#2008,.T.);
#2153=FACE_BOUND('',#2009,.T.);
#2154=FACE_BOUND('',#2010,.T.);
#2155=FACE_BOUND('',#2011,.T.);
#2156=FACE_BOUND('',#2012,.T.);
#2157=FACE_BOUND('',#2013,.T.);
#2158=FACE_BOUND('',#2014,.T.);
#2159=FACE_BOUND('',#2015,.T.);
#2160=FACE_BOUND('',#2016,.T.);
#2161=FACE_BOUND('',#2017,.T.);
#2162=FACE_BOUND('',#2018,.T.);
#2163=FACE_BOUND('',#2019,.T.);
#2164=FACE_BOUND('',#2020,.T.);
#2165=FACE_BOUND('',#2021,.T.);
#2166=FACE_BOUND('',#2022,.T.);
#2167=FACE_BOUND('',#2023,.T.);
#2168=FACE_BOUND('',#2024,.T.);
#2169=FACE_BOUND('',#2025,.T.);
#2170=FACE_BOUND('',#2026,.T.);
#2171=FACE_BOUND('',#2027,.T.);
#2172=FACE_BOUND('',#2028,.T.);
#2173=FACE_BOUND('',#2029,.T.);
#2174=FACE_BOUND('',#2030,.T.);
#2175=FACE_BOUND('',#2031,.T.);
#2176=FACE_BOUND('',#2032,.T.);
#2177=FACE_BOUND('',#2033,.T.);
#2178=FACE_BOUND('',#2034,.T.);
#2179=FACE_BOUND('',#2035,.T.);
#2180=FACE_BOUND('',#2036,.T.);
#2181=FACE_BOUND('',#2037,.T.);
#2182=FACE_BOUND('',#2038,.T.);
#2183=FACE_BOUND('',#2039,.T.);
#2184=FACE_BOUND('',#2040,.T.);
#2185=FACE_BOUND('',#2041,.T.);
#2186=FACE_BOUND('',#2042,.T.);
#2187=FACE_BOUND('',#2043,.T.);
#2188=FACE_BOUND('',#2044,.T.);
#2189=FACE_BOUND('',#2045,.T.);
#2190=FACE_BOUND('',#2046,.T.);
#2191=FACE_BOUND('',#2047,.T.);
#2192=FACE_BOUND('',#2048,.T.);
#2193=FACE_BOUND('',#2049,.T.);
#2194=FACE_BOUND('',#2050,.T.);
#2195=FACE_BOUND('',#2051,.T.);
#2196=FACE_BOUND('',#2052,.T.);
#2197=FACE_BOUND('',#2053,.T.);
#2198=FACE_BOUND('',#2054,.T.);
#2199=FACE_BOUND('',#2055,.T.);
#2200=FACE_BOUND('',#2056,.T.);
#2201=FACE_BOUND('',#2057,.T.);
#2202=FACE_BOUND('',#2058,.T.);
#2203=FACE_BOUND('',#2059,.T.);
#2204=FACE_BOUND('',#2060,.T.);
#2205=FACE_BOUND('',#2061,.T.);
#2206=FACE_BOUND('',#2062,.T.);
#2207=FACE_BOUND('',#2063,.T.);
#2208=FACE_BOUND('',#2064,.T.);
#2209=FACE_BOUND('',#2065,.T.);
#2210=FACE_BOUND('',#2066,.T.);
#2211=FACE_BOUND('',#2067,.T.);
#2212=FACE_BOUND('',#2068,.T.);
#2213=FACE_BOUND('',#2069,.T.);
#2214=FACE_BOUND('',#2070,.T.);
#2215=FACE_BOUND('',#2071,.T.);
#2216=FACE_BOUND('',#2072,.T.);
#2217=FACE_BOUND('',#2073,.T.);
#2218=FACE_BOUND('',#2074,.T.);
#2219=FACE_BOUND('',#2075,.T.);
#2220=FACE_BOUND('',#2076,.T.);
#2221=FACE_BOUND('',#2077,.T.);
#2222=FACE_BOUND('',#2078,.T.);
#2223=FACE_BOUND('',#2079,.T.);
#2224=FACE_BOUND('',#2080,.T.);
#2225=FACE_BOUND('',#2081,.T.);
#2226=FACE_BOUND('',#2082,.T.);
#2227=FACE_BOUND('',#2083,.T.);
#2228=FACE_BOUND('',#2084,.T.);
#2229=FACE_BOUND('',#2085,.T.);
#2230=FACE_BOUND('',#2086,.T.);
#2231=FACE_BOUND('',#2087,.T.);
#2232=FACE_BOUND('',#2088,.T.);
#2233=FACE_BOUND('',#2089,.T.);
#2234=FACE_BOUND('',#2090,.T.);
#2235=FACE_BOUND('',#2091,.T.);
#2236=FACE_BOUND('',#2092,.T.);
#2237=FACE_BOUND('',#2093,.T.);
#2238=FACE_BOUND('',#2094,.T.);
#2239=FACE_BOUND('',#2095,.T.);
#2240=FACE_BOUND('',#2096,.T.);
#2241=FACE_BOUND('',#2097,.T.);
#2242=FACE_BOUND('',#2098,.T.);
#2243=FACE_BOUND('',#2099,.T.);
#2244=FACE_BOUND('',#2100,.T.);
#2245=FACE_BOUND('',#2101,.T.);
#2246=FACE_BOUND('',#2102,.T.);
#2247=FACE_BOUND('',#2103,.T.);
#2248=FACE_BOUND('',#2104,.T.);
#2249=FACE_BOUND('',#2105,.T.);
#2250=FACE_BOUND('',#2106,.T.);
#2251=FACE_BOUND('',#2107,.T.);
#2252=FACE_BOUND('',#2108,.T.);
#2253=FACE_BOUND('',#2109,.T.);
#2254=FACE_BOUND('',#2110,.T.);
#2255=FACE_BOUND('',#2111,.T.);
#2256=FACE_BOUND('',#2112,.T.);
#2257=FACE_BOUND('',#2113,.T.);
#2258=FACE_BOUND('',#2114,.T.);
#2259=FACE_BOUND('',#2115,.T.);
#2260=FACE_BOUND('',#2116,.T.);
#2261=FACE_BOUND('',#2117,.T.);
#2262=FACE_BOUND('',#2118,.T.);
#2263=FACE_BOUND('',#2119,.T.);
#2264=FACE_BOUND('',#2120,.T.);
#2265=FACE_BOUND('',#2121,.T.);
#2266=FACE_BOUND('',#2122,.T.);
#2267=FACE_BOUND('',#2123,.T.);
#2268=FACE_BOUND('',#2124,.T.);
#2269=FACE_BOUND('',#2125,.T.);
#2270=FACE_BOUND('',#2126,.T.);
#2271=FACE_BOUND('',#2127,.T.);
#2272=PLANE('',#2866);
#2273=PLANE('',#2868);
#2274=PLANE('',#2869);
#2275=PLANE('',#2870);
#2276=PLANE('',#2873);
#2277=PLANE('',#2875);
#2278=PLANE('',#2876);
#2279=PLANE('',#2877);
#2280=PLANE('',#2878);
#2281=PLANE('',#2882);
#2282=PLANE('',#2884);
#2283=PLANE('',#2909);
#2284=PLANE('',#2912);
#2285=PLANE('',#2915);
#2286=PLANE('',#2918);
#2287=PLANE('',#2921);
#2288=PLANE('',#2926);
#2289=PLANE('',#2929);
#2290=PLANE('',#2932);
#2291=PLANE('',#2935);
#2292=PLANE('',#2938);
#2293=PLANE('',#2957);
#2294=PLANE('',#2960);
#2295=PLANE('',#2963);
#2296=PLANE('',#2966);
#2297=PLANE('',#2967);
#2298=PLANE('',#2986);
#2299=PLANE('',#2989);
#2300=PLANE('',#2992);
#2301=PLANE('',#2995);
#2302=PLANE('',#2996);
#2303=PLANE('',#2997);
#2304=PLANE('',#2998);
#2305=PLANE('',#2999);
#2306=PLANE('',#3000);
#2307=PLANE('',#3004);
#2308=PLANE('',#3005);
#2309=PLANE('',#3006);
#2310=PLANE('',#3010);
#2311=PLANE('',#3014);
#2312=PLANE('',#3018);
#2313=PLANE('',#3020);
#2314=PLANE('',#3025);
#2315=PLANE('',#3032);
#2316=PLANE('',#3033);
#2317=PLANE('',#3034);
#2318=PLANE('',#3035);
#2319=PLANE('',#3040);
#2320=PLANE('',#3044);
#2321=PLANE('',#3051);
#2322=PLANE('',#3052);
#2323=PLANE('',#3053);
#2324=PLANE('',#3057);
#2325=PLANE('',#3062);
#2326=PLANE('',#3063);
#2327=PLANE('',#3064);
#2328=PLANE('',#3065);
#2329=PLANE('',#3066);
#2330=PLANE('',#3067);
#2331=PLANE('',#3068);
#2332=PLANE('',#3069);
#2333=PLANE('',#3073);
#2334=PLANE('',#3074);
#2335=PLANE('',#3083);
#2336=PLANE('',#3090);
#2337=PLANE('',#3091);
#2338=PLANE('',#3092);
#2339=PLANE('',#3093);
#2340=PLANE('',#3094);
#2341=PLANE('',#3095);
#2342=PLANE('',#3096);
#2343=PLANE('',#3100);
#2344=PLANE('',#3101);
#2345=PLANE('',#3102);
#2346=PLANE('',#3104);
#2347=PLANE('',#3105);
#2348=ADVANCED_FACE('',(#2128),#2272,.T.);
#2349=ADVANCED_FACE('',(#2129),#2273,.T.);
#2350=ADVANCED_FACE('',(#2130),#2274,.F.);
#2351=ADVANCED_FACE('',(#2131),#2275,.T.);
#2352=ADVANCED_FACE('',(#2132),#108,.T.);
#2353=ADVANCED_FACE('',(#2133),#2276,.F.);
#2354=ADVANCED_FACE('',(#2134),#2277,.T.);
#2355=ADVANCED_FACE('',(#2135),#2278,.F.);
#2356=ADVANCED_FACE('',(#2136),#2279,.T.);
#2357=ADVANCED_FACE('',(#2137),#2280,.F.);
#2358=ADVANCED_FACE('',(#2138),#109,.T.);
#2359=ADVANCED_FACE('',(#2139),#2281,.T.);
#2360=ADVANCED_FACE('',(#2140),#2282,.T.);
#2361=ADVANCED_FACE('',(#2141),#24,.T.);
#2362=ADVANCED_FACE('',(#2142),#110,.T.);
#2363=ADVANCED_FACE('',(#2143),#25,.T.);
#2364=ADVANCED_FACE('',(#2144),#111,.T.);
#2365=ADVANCED_FACE('',(#2145),#26,.T.);
#2366=ADVANCED_FACE('',(#2146),#112,.T.);
#2367=ADVANCED_FACE('',(#2147),#27,.T.);
#2368=ADVANCED_FACE('',(#2148),#113,.T.);
#2369=ADVANCED_FACE('',(#2149),#2283,.F.);
#2370=ADVANCED_FACE('',(#2150),#114,.T.);
#2371=ADVANCED_FACE('',(#2151),#2284,.F.);
#2372=ADVANCED_FACE('',(#2152),#115,.T.);
#2373=ADVANCED_FACE('',(#2153),#2285,.F.);
#2374=ADVANCED_FACE('',(#2154),#116,.T.);
#2375=ADVANCED_FACE('',(#2155),#2286,.F.);
#2376=ADVANCED_FACE('',(#2156),#117,.T.);
#2377=ADVANCED_FACE('',(#2157,#2158),#2287,.T.);
#2378=ADVANCED_FACE('',(#2159),#2288,.T.);
#2379=ADVANCED_FACE('',(#2160),#118,.F.);
#2380=ADVANCED_FACE('',(#2161),#2289,.T.);
#2381=ADVANCED_FACE('',(#2162),#119,.F.);
#2382=ADVANCED_FACE('',(#2163),#2290,.T.);
#2383=ADVANCED_FACE('',(#2164),#120,.F.);
#2384=ADVANCED_FACE('',(#2165),#2291,.T.);
#2385=ADVANCED_FACE('',(#2166),#121,.F.);
#2386=ADVANCED_FACE('',(#2167),#2292,.F.);
#2387=ADVANCED_FACE('',(#2168),#122,.T.);
#2388=ADVANCED_FACE('',(#2169),#28,.T.);
#2389=ADVANCED_FACE('',(#2170),#123,.T.);
#2390=ADVANCED_FACE('',(#2171),#29,.T.);
#2391=ADVANCED_FACE('',(#2172),#124,.T.);
#2392=ADVANCED_FACE('',(#2173),#10,.T.);
#2393=ADVANCED_FACE('',(#2174),#125,.T.);
#2394=ADVANCED_FACE('',(#2175),#11,.T.);
#2395=ADVANCED_FACE('',(#2176),#126,.T.);
#2396=ADVANCED_FACE('',(#2177),#2293,.T.);
#2397=ADVANCED_FACE('',(#2178),#127,.T.);
#2398=ADVANCED_FACE('',(#2179),#2294,.T.);
#2399=ADVANCED_FACE('',(#2180),#128,.T.);
#2400=ADVANCED_FACE('',(#2181),#2295,.T.);
#2401=ADVANCED_FACE('',(#2182),#129,.T.);
#2402=ADVANCED_FACE('',(#2183),#2296,.T.);
#2403=ADVANCED_FACE('',(#2184),#2297,.F.);
#2404=ADVANCED_FACE('',(#2185),#130,.T.);
#2405=ADVANCED_FACE('',(#2186),#12,.T.);
#2406=ADVANCED_FACE('',(#2187),#131,.T.);
#2407=ADVANCED_FACE('',(#2188),#30,.T.);
#2408=ADVANCED_FACE('',(#2189),#132,.T.);
#2409=ADVANCED_FACE('',(#2190),#31,.T.);
#2410=ADVANCED_FACE('',(#2191),#133,.T.);
#2411=ADVANCED_FACE('',(#2192),#13,.T.);
#2412=ADVANCED_FACE('',(#2193),#134,.T.);
#2413=ADVANCED_FACE('',(#2194),#2298,.T.);
#2414=ADVANCED_FACE('',(#2195),#135,.T.);
#2415=ADVANCED_FACE('',(#2196),#2299,.T.);
#2416=ADVANCED_FACE('',(#2197),#136,.T.);
#2417=ADVANCED_FACE('',(#2198),#2300,.T.);
#2418=ADVANCED_FACE('',(#2199),#137,.T.);
#2419=ADVANCED_FACE('',(#2200),#2301,.T.);
#2420=ADVANCED_FACE('',(#2201),#2302,.T.);
#2421=ADVANCED_FACE('',(#2202),#2303,.F.);
#2422=ADVANCED_FACE('',(#2203),#2304,.F.);
#2423=ADVANCED_FACE('',(#2204),#2305,.F.);
#2424=ADVANCED_FACE('',(#2205),#2306,.F.);
#2425=ADVANCED_FACE('',(#2206),#138,.F.);
#2426=ADVANCED_FACE('',(#2207),#2307,.F.);
#2427=ADVANCED_FACE('',(#2208),#2308,.F.);
#2428=ADVANCED_FACE('',(#2209),#2309,.F.);
#2429=ADVANCED_FACE('',(#2210),#139,.F.);
#2430=ADVANCED_FACE('',(#2211),#2310,.T.);
#2431=ADVANCED_FACE('',(#2212),#140,.T.);
#2432=ADVANCED_FACE('',(#2213),#2311,.T.);
#2433=ADVANCED_FACE('',(#2214),#141,.F.);
#2434=ADVANCED_FACE('',(#2215),#2312,.F.);
#2435=ADVANCED_FACE('',(#2216),#2313,.F.);
#2436=ADVANCED_FACE('',(#2217),#142,.F.);
#2437=ADVANCED_FACE('',(#2218),#2314,.T.);
#2438=ADVANCED_FACE('',(#2219),#143,.T.);
#2439=ADVANCED_FACE('',(#2220),#144,.T.);
#2440=ADVANCED_FACE('',(#2221),#2315,.T.);
#2441=ADVANCED_FACE('',(#2222),#2316,.T.);
#2442=ADVANCED_FACE('',(#2223),#2317,.F.);
#2443=ADVANCED_FACE('',(#2224),#2318,.F.);
#2444=ADVANCED_FACE('',(#2225),#145,.F.);
#2445=ADVANCED_FACE('',(#2226),#2319,.F.);
#2446=ADVANCED_FACE('',(#2227),#146,.F.);
#2447=ADVANCED_FACE('',(#2228),#2320,.T.);
#2448=ADVANCED_FACE('',(#2229),#147,.F.);
#2449=ADVANCED_FACE('',(#2230),#148,.F.);
#2450=ADVANCED_FACE('',(#2231),#2321,.F.);
#2451=ADVANCED_FACE('',(#2232),#2322,.F.);
#2452=ADVANCED_FACE('',(#2233),#2323,.T.);
#2453=ADVANCED_FACE('',(#2234),#149,.T.);
#2454=ADVANCED_FACE('',(#2235),#2324,.F.);
#2455=ADVANCED_FACE('',(#2236),#150,.T.);
#2456=ADVANCED_FACE('',(#2237),#2325,.T.);
#2457=ADVANCED_FACE('',(#2238),#2326,.F.);
#2458=ADVANCED_FACE('',(#2239),#2327,.F.);
#2459=ADVANCED_FACE('',(#2240),#2328,.F.);
#2460=ADVANCED_FACE('',(#2241),#2329,.F.);
#2461=ADVANCED_FACE('',(#2242,#2243),#2330,.F.);
#2462=ADVANCED_FACE('',(#2244),#2331,.F.);
#2463=ADVANCED_FACE('',(#2245),#2332,.F.);
#2464=ADVANCED_FACE('',(#2246),#151,.F.);
#2465=ADVANCED_FACE('',(#2247),#2333,.F.);
#2466=ADVANCED_FACE('',(#2248),#2334,.F.);
#2467=ADVANCED_FACE('',(#2249),#152,.T.);
#2468=ADVANCED_FACE('',(#2250),#153,.T.);
#2469=ADVANCED_FACE('',(#2251),#2335,.F.);
#2470=ADVANCED_FACE('',(#2252),#154,.F.);
#2471=ADVANCED_FACE('',(#2253),#155,.T.);
#2472=ADVANCED_FACE('',(#2254),#2336,.F.);
#2473=ADVANCED_FACE('',(#2255),#2337,.T.);
#2474=ADVANCED_FACE('',(#2256),#2338,.F.);
#2475=ADVANCED_FACE('',(#2257),#2339,.F.);
#2476=ADVANCED_FACE('',(#2258),#2340,.F.);
#2477=ADVANCED_FACE('',(#2259),#2341,.T.);
#2478=ADVANCED_FACE('',(#2260),#2342,.F.);
#2479=ADVANCED_FACE('',(#2261),#156,.T.);
#2480=ADVANCED_FACE('',(#2262),#2343,.T.);
#2481=ADVANCED_FACE('',(#2263),#2344,.F.);
#2482=ADVANCED_FACE('',(#2264,#2265),#2345,.F.);
#2483=ADVANCED_FACE('',(#2266),#157,.T.);
#2484=ADVANCED_FACE('',(#2267,#2268,#2269,#2270),#2346,.F.);
#2485=ADVANCED_FACE('',(#2271),#2347,.F.);
#2486=CLOSED_SHELL('',(#2348,#2349,#2350,#2351,#2352,#2353));
#2487=CLOSED_SHELL('',(#2354,#2355,#2356,#2357,#2358,#2359));
#2488=CLOSED_SHELL('',(#2360,#2361,#2362,#2363,#2364,#2365,#2366,#2367,#2368,#2369,#2370,#2371,#2372,#2373,#2374,#2375,#2376,#2377,#2378,#2379,#2380,#2381,#2382,#2383,#2384,#2385,#2386,#2387,#2388,#2389,#2390,#2391,#2392,#2393,#2394,#2395,#2396,#2397,#2398,#2399,#2400,#2401,#2402,#2403,#2404,#2405,#2406,#2407,#2408,#2409,#2410,#2411,#2412,#2413,#2414,#2415,#2416,#2417,#2418,#2419,#2420,#2421,#2422,#2423,#2424,#2425,#2426,#2427,#2428,#2429,#2430,#2431,#2432,#2433,#2434,#2435,#2436,#2437,#2438,#2439,#2440,#2441,#2442,#2443,#2444,#2445,#2446,#2447,#2448,#2449,#2450,#2451,#2452,#2453,#2454,#2455,#2456,#2457,#2458,#2459,#2460,#2461,#2462,#2463,#2464,#2465,#2466,#2467,#2468,#2469,#2470,#2471,#2472,#2473,#2474,#2475,#2476,#2477,#2478,#2479,#2480,#2481,#2482,#2483,#2484,#2485));
#2489=STYLED_ITEM('',(#2492),#2854);
#2490=STYLED_ITEM('',(#2493),#2855);
#2491=STYLED_ITEM('',(#2494),#2856);
#2492=PRESENTATION_STYLE_ASSIGNMENT((#2552));
#2493=PRESENTATION_STYLE_ASSIGNMENT((#2553));
#2494=PRESENTATION_STYLE_ASSIGNMENT((#2554));
#2495=PRESENTATION_STYLE_ASSIGNMENT((#2555));
#2496=PRESENTATION_STYLE_ASSIGNMENT((#2556));
#2497=PRESENTATION_STYLE_ASSIGNMENT((#2557));
#2498=PRESENTATION_STYLE_ASSIGNMENT((#2558));
#2499=PRESENTATION_STYLE_ASSIGNMENT((#2559));
#2500=PRESENTATION_STYLE_ASSIGNMENT((#2560));
#2501=PRESENTATION_STYLE_ASSIGNMENT((#2561));
#2502=PRESENTATION_STYLE_ASSIGNMENT((#2562));
#2503=PRESENTATION_STYLE_ASSIGNMENT((#2563));
#2504=PRESENTATION_STYLE_ASSIGNMENT((#2564));
#2505=PRESENTATION_STYLE_ASSIGNMENT((#2565));
#2506=PRESENTATION_STYLE_ASSIGNMENT((#2566));
#2507=PRESENTATION_STYLE_ASSIGNMENT((#2567));
#2508=PRESENTATION_STYLE_ASSIGNMENT((#2568));
#2509=PRESENTATION_STYLE_ASSIGNMENT((#2569));
#2510=PRESENTATION_STYLE_ASSIGNMENT((#2570));
#2511=PRESENTATION_STYLE_ASSIGNMENT((#2571));
#2512=PRESENTATION_STYLE_ASSIGNMENT((#2572));
#2513=PRESENTATION_STYLE_ASSIGNMENT((#2573));
#2514=PRESENTATION_STYLE_ASSIGNMENT((#2574));
#2515=PRESENTATION_STYLE_ASSIGNMENT((#2575));
#2516=PRESENTATION_STYLE_ASSIGNMENT((#2576));
#2517=PRESENTATION_STYLE_ASSIGNMENT((#2577));
#2518=PRESENTATION_STYLE_ASSIGNMENT((#2578));
#2519=PRESENTATION_STYLE_ASSIGNMENT((#2579));
#2520=PRESENTATION_STYLE_ASSIGNMENT((#2580));
#2521=PRESENTATION_STYLE_ASSIGNMENT((#2581));
#2522=PRESENTATION_STYLE_ASSIGNMENT((#2582));
#2523=PRESENTATION_STYLE_ASSIGNMENT((#2583));
#2524=PRESENTATION_STYLE_ASSIGNMENT((#2584));
#2525=PRESENTATION_STYLE_ASSIGNMENT((#2585));
#2526=PRESENTATION_STYLE_ASSIGNMENT((#2586));
#2527=PRESENTATION_STYLE_ASSIGNMENT((#2587));
#2528=PRESENTATION_STYLE_ASSIGNMENT((#2588));
#2529=PRESENTATION_STYLE_ASSIGNMENT((#2589));
#2530=PRESENTATION_STYLE_ASSIGNMENT((#2590));
#2531=PRESENTATION_STYLE_ASSIGNMENT((#2591));
#2532=PRESENTATION_STYLE_ASSIGNMENT((#2592));
#2533=PRESENTATION_STYLE_ASSIGNMENT((#2593));
#2534=PRESENTATION_STYLE_ASSIGNMENT((#2594));
#2535=PRESENTATION_STYLE_ASSIGNMENT((#2595));
#2536=PRESENTATION_STYLE_ASSIGNMENT((#2596));
#2537=PRESENTATION_STYLE_ASSIGNMENT((#2597));
#2538=PRESENTATION_STYLE_ASSIGNMENT((#2598));
#2539=PRESENTATION_STYLE_ASSIGNMENT((#2599));
#2540=PRESENTATION_STYLE_ASSIGNMENT((#2600));
#2541=PRESENTATION_STYLE_ASSIGNMENT((#2601));
#2542=PRESENTATION_STYLE_ASSIGNMENT((#2602));
#2543=PRESENTATION_STYLE_ASSIGNMENT((#2603));
#2544=PRESENTATION_STYLE_ASSIGNMENT((#2604));
#2545=PRESENTATION_STYLE_ASSIGNMENT((#2605));
#2546=PRESENTATION_STYLE_ASSIGNMENT((#2606));
#2547=PRESENTATION_STYLE_ASSIGNMENT((#2607));
#2548=PRESENTATION_STYLE_ASSIGNMENT((#2608));
#2549=PRESENTATION_STYLE_ASSIGNMENT((#2609));
#2550=PRESENTATION_STYLE_ASSIGNMENT((#2610));
#2551=PRESENTATION_STYLE_ASSIGNMENT((#2611));
#2552=SURFACE_STYLE_USAGE(.BOTH.,#2612);
#2553=SURFACE_STYLE_USAGE(.BOTH.,#2613);
#2554=SURFACE_STYLE_USAGE(.BOTH.,#2614);
#2555=SURFACE_STYLE_USAGE(.BOTH.,#2615);
#2556=SURFACE_STYLE_USAGE(.BOTH.,#2616);
#2557=SURFACE_STYLE_USAGE(.BOTH.,#2617);
#2558=SURFACE_STYLE_USAGE(.BOTH.,#2618);
#2559=SURFACE_STYLE_USAGE(.BOTH.,#2619);
#2560=SURFACE_STYLE_USAGE(.BOTH.,#2620);
#2561=SURFACE_STYLE_USAGE(.BOTH.,#2621);
#2562=SURFACE_STYLE_USAGE(.BOTH.,#2622);
#2563=SURFACE_STYLE_USAGE(.BOTH.,#2623);
#2564=SURFACE_STYLE_USAGE(.BOTH.,#2624);
#2565=SURFACE_STYLE_USAGE(.BOTH.,#2625);
#2566=SURFACE_STYLE_USAGE(.BOTH.,#2626);
#2567=SURFACE_STYLE_USAGE(.BOTH.,#2627);
#2568=SURFACE_STYLE_USAGE(.BOTH.,#2628);
#2569=SURFACE_STYLE_USAGE(.BOTH.,#2629);
#2570=SURFACE_STYLE_USAGE(.BOTH.,#2630);
#2571=SURFACE_STYLE_USAGE(.BOTH.,#2631);
#2572=SURFACE_STYLE_USAGE(.BOTH.,#2632);
#2573=SURFACE_STYLE_USAGE(.BOTH.,#2633);
#2574=SURFACE_STYLE_USAGE(.BOTH.,#2634);
#2575=SURFACE_STYLE_USAGE(.BOTH.,#2635);
#2576=SURFACE_STYLE_USAGE(.BOTH.,#2636);
#2577=SURFACE_STYLE_USAGE(.BOTH.,#2637);
#2578=SURFACE_STYLE_USAGE(.BOTH.,#2638);
#2579=SURFACE_STYLE_USAGE(.BOTH.,#2639);
#2580=SURFACE_STYLE_USAGE(.BOTH.,#2640);
#2581=SURFACE_STYLE_USAGE(.BOTH.,#2641);
#2582=SURFACE_STYLE_USAGE(.BOTH.,#2642);
#2583=SURFACE_STYLE_USAGE(.BOTH.,#2643);
#2584=SURFACE_STYLE_USAGE(.BOTH.,#2644);
#2585=SURFACE_STYLE_USAGE(.BOTH.,#2645);
#2586=SURFACE_STYLE_USAGE(.BOTH.,#2646);
#2587=SURFACE_STYLE_USAGE(.BOTH.,#2647);
#2588=SURFACE_STYLE_USAGE(.BOTH.,#2648);
#2589=SURFACE_STYLE_USAGE(.BOTH.,#2649);
#2590=SURFACE_STYLE_USAGE(.BOTH.,#2650);
#2591=SURFACE_STYLE_USAGE(.BOTH.,#2651);
#2592=SURFACE_STYLE_USAGE(.BOTH.,#2652);
#2593=SURFACE_STYLE_USAGE(.BOTH.,#2653);
#2594=SURFACE_STYLE_USAGE(.BOTH.,#2654);
#2595=SURFACE_STYLE_USAGE(.BOTH.,#2655);
#2596=SURFACE_STYLE_USAGE(.BOTH.,#2656);
#2597=SURFACE_STYLE_USAGE(.BOTH.,#2657);
#2598=SURFACE_STYLE_USAGE(.BOTH.,#2658);
#2599=SURFACE_STYLE_USAGE(.BOTH.,#2659);
#2600=SURFACE_STYLE_USAGE(.BOTH.,#2660);
#2601=SURFACE_STYLE_USAGE(.BOTH.,#2661);
#2602=SURFACE_STYLE_USAGE(.BOTH.,#2662);
#2603=SURFACE_STYLE_USAGE(.BOTH.,#2663);
#2604=SURFACE_STYLE_USAGE(.BOTH.,#2664);
#2605=SURFACE_STYLE_USAGE(.BOTH.,#2665);
#2606=SURFACE_STYLE_USAGE(.BOTH.,#2666);
#2607=SURFACE_STYLE_USAGE(.BOTH.,#2667);
#2608=SURFACE_STYLE_USAGE(.BOTH.,#2668);
#2609=SURFACE_STYLE_USAGE(.BOTH.,#2669);
#2610=SURFACE_STYLE_USAGE(.BOTH.,#2670);
#2611=SURFACE_STYLE_USAGE(.BOTH.,#2671);
#2612=SURFACE_SIDE_STYLE('',(#2672));
#2613=SURFACE_SIDE_STYLE('',(#2673));
#2614=SURFACE_SIDE_STYLE('',(#2674));
#2615=SURFACE_SIDE_STYLE('',(#2675));
#2616=SURFACE_SIDE_STYLE('',(#2676));
#2617=SURFACE_SIDE_STYLE('',(#2677));
#2618=SURFACE_SIDE_STYLE('',(#2678));
#2619=SURFACE_SIDE_STYLE('',(#2679));
#2620=SURFACE_SIDE_STYLE('',(#2680));
#2621=SURFACE_SIDE_STYLE('',(#2681));
#2622=SURFACE_SIDE_STYLE('',(#2682));
#2623=SURFACE_SIDE_STYLE('',(#2683));
#2624=SURFACE_SIDE_STYLE('',(#2684));
#2625=SURFACE_SIDE_STYLE('',(#2685));
#2626=SURFACE_SIDE_STYLE('',(#2686));
#2627=SURFACE_SIDE_STYLE('',(#2687));
#2628=SURFACE_SIDE_STYLE('',(#2688));
#2629=SURFACE_SIDE_STYLE('',(#2689));
#2630=SURFACE_SIDE_STYLE('',(#2690));
#2631=SURFACE_SIDE_STYLE('',(#2691));
#2632=SURFACE_SIDE_STYLE('',(#2692));
#2633=SURFACE_SIDE_STYLE('',(#2693));
#2634=SURFACE_SIDE_STYLE('',(#2694));
#2635=SURFACE_SIDE_STYLE('',(#2695));
#2636=SURFACE_SIDE_STYLE('',(#2696));
#2637=SURFACE_SIDE_STYLE('',(#2697));
#2638=SURFACE_SIDE_STYLE('',(#2698));
#2639=SURFACE_SIDE_STYLE('',(#2699));
#2640=SURFACE_SIDE_STYLE('',(#2700));
#2641=SURFACE_SIDE_STYLE('',(#2701));
#2642=SURFACE_SIDE_STYLE('',(#2702));
#2643=SURFACE_SIDE_STYLE('',(#2703));
#2644=SURFACE_SIDE_STYLE('',(#2704));
#2645=SURFACE_SIDE_STYLE('',(#2705));
#2646=SURFACE_SIDE_STYLE('',(#2706));
#2647=SURFACE_SIDE_STYLE('',(#2707));
#2648=SURFACE_SIDE_STYLE('',(#2708));
#2649=SURFACE_SIDE_STYLE('',(#2709));
#2650=SURFACE_SIDE_STYLE('',(#2710));
#2651=SURFACE_SIDE_STYLE('',(#2711));
#2652=SURFACE_SIDE_STYLE('',(#2712));
#2653=SURFACE_SIDE_STYLE('',(#2713));
#2654=SURFACE_SIDE_STYLE('',(#2714));
#2655=SURFACE_SIDE_STYLE('',(#2715));
#2656=SURFACE_SIDE_STYLE('',(#2716));
#2657=SURFACE_SIDE_STYLE('',(#2717));
#2658=SURFACE_SIDE_STYLE('',(#2718));
#2659=SURFACE_SIDE_STYLE('',(#2719));
#2660=SURFACE_SIDE_STYLE('',(#2720));
#2661=SURFACE_SIDE_STYLE('',(#2721));
#2662=SURFACE_SIDE_STYLE('',(#2722));
#2663=SURFACE_SIDE_STYLE('',(#2723));
#2664=SURFACE_SIDE_STYLE('',(#2724));
#2665=SURFACE_SIDE_STYLE('',(#2725));
#2666=SURFACE_SIDE_STYLE('',(#2726));
#2667=SURFACE_SIDE_STYLE('',(#2727));
#2668=SURFACE_SIDE_STYLE('',(#2728));
#2669=SURFACE_SIDE_STYLE('',(#2729));
#2670=SURFACE_SIDE_STYLE('',(#2730));
#2671=SURFACE_SIDE_STYLE('',(#2731));
#2672=SURFACE_STYLE_FILL_AREA(#2732);
#2673=SURFACE_STYLE_FILL_AREA(#2733);
#2674=SURFACE_STYLE_FILL_AREA(#2734);
#2675=SURFACE_STYLE_FILL_AREA(#2735);
#2676=SURFACE_STYLE_FILL_AREA(#2736);
#2677=SURFACE_STYLE_FILL_AREA(#2737);
#2678=SURFACE_STYLE_FILL_AREA(#2738);
#2679=SURFACE_STYLE_FILL_AREA(#2739);
#2680=SURFACE_STYLE_FILL_AREA(#2740);
#2681=SURFACE_STYLE_FILL_AREA(#2741);
#2682=SURFACE_STYLE_FILL_AREA(#2742);
#2683=SURFACE_STYLE_FILL_AREA(#2743);
#2684=SURFACE_STYLE_FILL_AREA(#2744);
#2685=SURFACE_STYLE_FILL_AREA(#2745);
#2686=SURFACE_STYLE_FILL_AREA(#2746);
#2687=SURFACE_STYLE_FILL_AREA(#2747);
#2688=SURFACE_STYLE_FILL_AREA(#2748);
#2689=SURFACE_STYLE_FILL_AREA(#2749);
#2690=SURFACE_STYLE_FILL_AREA(#2750);
#2691=SURFACE_STYLE_FILL_AREA(#2751);
#2692=SURFACE_STYLE_FILL_AREA(#2752);
#2693=SURFACE_STYLE_FILL_AREA(#2753);
#2694=SURFACE_STYLE_FILL_AREA(#2754);
#2695=SURFACE_STYLE_FILL_AREA(#2755);
#2696=SURFACE_STYLE_FILL_AREA(#2756);
#2697=SURFACE_STYLE_FILL_AREA(#2757);
#2698=SURFACE_STYLE_FILL_AREA(#2758);
#2699=SURFACE_STYLE_FILL_AREA(#2759);
#2700=SURFACE_STYLE_FILL_AREA(#2760);
#2701=SURFACE_STYLE_FILL_AREA(#2761);
#2702=SURFACE_STYLE_FILL_AREA(#2762);
#2703=SURFACE_STYLE_FILL_AREA(#2763);
#2704=SURFACE_STYLE_FILL_AREA(#2764);
#2705=SURFACE_STYLE_FILL_AREA(#2765);
#2706=SURFACE_STYLE_FILL_AREA(#2766);
#2707=SURFACE_STYLE_FILL_AREA(#2767);
#2708=SURFACE_STYLE_FILL_AREA(#2768);
#2709=SURFACE_STYLE_FILL_AREA(#2769);
#2710=SURFACE_STYLE_FILL_AREA(#2770);
#2711=SURFACE_STYLE_FILL_AREA(#2771);
#2712=SURFACE_STYLE_FILL_AREA(#2772);
#2713=SURFACE_STYLE_FILL_AREA(#2773);
#2714=SURFACE_STYLE_FILL_AREA(#2774);
#2715=SURFACE_STYLE_FILL_AREA(#2775);
#2716=SURFACE_STYLE_FILL_AREA(#2776);
#2717=SURFACE_STYLE_FILL_AREA(#2777);
#2718=SURFACE_STYLE_FILL_AREA(#2778);
#2719=SURFACE_STYLE_FILL_AREA(#2779);
#2720=SURFACE_STYLE_FILL_AREA(#2780);
#2721=SURFACE_STYLE_FILL_AREA(#2781);
#2722=SURFACE_STYLE_FILL_AREA(#2782);
#2723=SURFACE_STYLE_FILL_AREA(#2783);
#2724=SURFACE_STYLE_FILL_AREA(#2784);
#2725=SURFACE_STYLE_FILL_AREA(#2785);
#2726=SURFACE_STYLE_FILL_AREA(#2786);
#2727=SURFACE_STYLE_FILL_AREA(#2787);
#2728=SURFACE_STYLE_FILL_AREA(#2788);
#2729=SURFACE_STYLE_FILL_AREA(#2789);
#2730=SURFACE_STYLE_FILL_AREA(#2790);
#2731=SURFACE_STYLE_FILL_AREA(#2791);
#2732=FILL_AREA_STYLE('',(#2792));
#2733=FILL_AREA_STYLE('',(#2793));
#2734=FILL_AREA_STYLE('',(#2794));
#2735=FILL_AREA_STYLE('',(#2795));
#2736=FILL_AREA_STYLE('',(#2796));
#2737=FILL_AREA_STYLE('',(#2797));
#2738=FILL_AREA_STYLE('',(#2798));
#2739=FILL_AREA_STYLE('',(#2799));
#2740=FILL_AREA_STYLE('',(#2800));
#2741=FILL_AREA_STYLE('',(#2801));
#2742=FILL_AREA_STYLE('',(#2802));
#2743=FILL_AREA_STYLE('',(#2803));
#2744=FILL_AREA_STYLE('',(#2804));
#2745=FILL_AREA_STYLE('',(#2805));
#2746=FILL_AREA_STYLE('',(#2806));
#2747=FILL_AREA_STYLE('',(#2807));
#2748=FILL_AREA_STYLE('',(#2808));
#2749=FILL_AREA_STYLE('',(#2809));
#2750=FILL_AREA_STYLE('',(#2810));
#2751=FILL_AREA_STYLE('',(#2811));
#2752=FILL_AREA_STYLE('',(#2812));
#2753=FILL_AREA_STYLE('',(#2813));
#2754=FILL_AREA_STYLE('',(#2814));
#2755=FILL_AREA_STYLE('',(#2815));
#2756=FILL_AREA_STYLE('',(#2816));
#2757=FILL_AREA_STYLE('',(#2817));
#2758=FILL_AREA_STYLE('',(#2818));
#2759=FILL_AREA_STYLE('',(#2819));
#2760=FILL_AREA_STYLE('',(#2820));
#2761=FILL_AREA_STYLE('',(#2821));
#2762=FILL_AREA_STYLE('',(#2822));
#2763=FILL_AREA_STYLE('',(#2823));
#2764=FILL_AREA_STYLE('',(#2824));
#2765=FILL_AREA_STYLE('',(#2825));
#2766=FILL_AREA_STYLE('',(#2826));
#2767=FILL_AREA_STYLE('',(#2827));
#2768=FILL_AREA_STYLE('',(#2828));
#2769=FILL_AREA_STYLE('',(#2829));
#2770=FILL_AREA_STYLE('',(#2830));
#2771=FILL_AREA_STYLE('',(#2831));
#2772=FILL_AREA_STYLE('',(#2832));
#2773=FILL_AREA_STYLE('',(#2833));
#2774=FILL_AREA_STYLE('',(#2834));
#2775=FILL_AREA_STYLE('',(#2835));
#2776=FILL_AREA_STYLE('',(#2836));
#2777=FILL_AREA_STYLE('',(#2837));
#2778=FILL_AREA_STYLE('',(#2838));
#2779=FILL_AREA_STYLE('',(#2839));
#2780=FILL_AREA_STYLE('',(#2840));
#2781=FILL_AREA_STYLE('',(#2841));
#2782=FILL_AREA_STYLE('',(#2842));
#2783=FILL_AREA_STYLE('',(#2843));
#2784=FILL_AREA_STYLE('',(#2844));
#2785=FILL_AREA_STYLE('',(#2845));
#2786=FILL_AREA_STYLE('',(#2846));
#2787=FILL_AREA_STYLE('',(#2847));
#2788=FILL_AREA_STYLE('',(#2848));
#2789=FILL_AREA_STYLE('',(#2849));
#2790=FILL_AREA_STYLE('',(#2850));
#2791=FILL_AREA_STYLE('',(#2851));
#2792=FILL_AREA_STYLE_COLOUR('',#2852);
#2793=FILL_AREA_STYLE_COLOUR('',#2852);
#2794=FILL_AREA_STYLE_COLOUR('',#2852);
#2795=FILL_AREA_STYLE_COLOUR('',#89);
#2796=FILL_AREA_STYLE_COLOUR('',#89);
#2797=FILL_AREA_STYLE_COLOUR('',#89);
#2798=FILL_AREA_STYLE_COLOUR('',#89);
#2799=FILL_AREA_STYLE_COLOUR('',#89);
#2800=FILL_AREA_STYLE_COLOUR('',#89);
#2801=FILL_AREA_STYLE_COLOUR('',#89);
#2802=FILL_AREA_STYLE_COLOUR('',#89);
#2803=FILL_AREA_STYLE_COLOUR('',#89);
#2804=FILL_AREA_STYLE_COLOUR('',#89);
#2805=FILL_AREA_STYLE_COLOUR('',#89);
#2806=FILL_AREA_STYLE_COLOUR('',#89);
#2807=FILL_AREA_STYLE_COLOUR('',#89);
#2808=FILL_AREA_STYLE_COLOUR('',#89);
#2809=FILL_AREA_STYLE_COLOUR('',#89);
#2810=FILL_AREA_STYLE_COLOUR('',#89);
#2811=FILL_AREA_STYLE_COLOUR('',#89);
#2812=FILL_AREA_STYLE_COLOUR('',#2853);
#2813=FILL_AREA_STYLE_COLOUR('',#2853);
#2814=FILL_AREA_STYLE_COLOUR('',#2853);
#2815=FILL_AREA_STYLE_COLOUR('',#2853);
#2816=FILL_AREA_STYLE_COLOUR('',#2853);
#2817=FILL_AREA_STYLE_COLOUR('',#2853);
#2818=FILL_AREA_STYLE_COLOUR('',#2853);
#2819=FILL_AREA_STYLE_COLOUR('',#2853);
#2820=FILL_AREA_STYLE_COLOUR('',#2853);
#2821=FILL_AREA_STYLE_COLOUR('',#2853);
#2822=FILL_AREA_STYLE_COLOUR('',#2853);
#2823=FILL_AREA_STYLE_COLOUR('',#2853);
#2824=FILL_AREA_STYLE_COLOUR('',#2853);
#2825=FILL_AREA_STYLE_COLOUR('',#2853);
#2826=FILL_AREA_STYLE_COLOUR('',#2853);
#2827=FILL_AREA_STYLE_COLOUR('',#2853);
#2828=FILL_AREA_STYLE_COLOUR('',#2853);
#2829=FILL_AREA_STYLE_COLOUR('',#2853);
#2830=FILL_AREA_STYLE_COLOUR('',#2853);
#2831=FILL_AREA_STYLE_COLOUR('',#2853);
#2832=FILL_AREA_STYLE_COLOUR('',#2853);
#2833=FILL_AREA_STYLE_COLOUR('',#2853);
#2834=FILL_AREA_STYLE_COLOUR('',#2853);
#2835=FILL_AREA_STYLE_COLOUR('',#2853);
#2836=FILL_AREA_STYLE_COLOUR('',#2853);
#2837=FILL_AREA_STYLE_COLOUR('',#2853);
#2838=FILL_AREA_STYLE_COLOUR('',#2853);
#2839=FILL_AREA_STYLE_COLOUR('',#2853);
#2840=FILL_AREA_STYLE_COLOUR('',#2853);
#2841=FILL_AREA_STYLE_COLOUR('',#2853);
#2842=FILL_AREA_STYLE_COLOUR('',#2853);
#2843=FILL_AREA_STYLE_COLOUR('',#2853);
#2844=FILL_AREA_STYLE_COLOUR('',#2853);
#2845=FILL_AREA_STYLE_COLOUR('',#2853);
#2846=FILL_AREA_STYLE_COLOUR('',#2853);
#2847=FILL_AREA_STYLE_COLOUR('',#2853);
#2848=FILL_AREA_STYLE_COLOUR('',#2853);
#2849=FILL_AREA_STYLE_COLOUR('',#2853);
#2850=FILL_AREA_STYLE_COLOUR('',#2853);
#2851=FILL_AREA_STYLE_COLOUR('',#2853);
#2852=COLOUR_RGB('',0.749019607843137,0.749019607843137,0.749019607843137);
#2853=COLOUR_RGB('',0.2,0.2,0.2);
#2854=MANIFOLD_SOLID_BREP('MJTP1117-5506_2',#2486);
#2855=MANIFOLD_SOLID_BREP('MJTP1117-5506_1',#2487);
#2856=MANIFOLD_SOLID_BREP('MJTP1117-5506_3',#2488);
#2857=SHAPE_DEFINITION_REPRESENTATION(#4649,#2861);
#2858=SHAPE_DEFINITION_REPRESENTATION(#4650,#2862);
#2859=SHAPE_DEFINITION_REPRESENTATION(#4652,#2863);
#2860=SHAPE_DEFINITION_REPRESENTATION(#4654,#2864);
#2861=SHAPE_REPRESENTATION('MJTP1117-5483_ASM',(#2865,#2874,#2883,#3106),#4638);
#2862=SHAPE_REPRESENTATION('MJTP1117-5506_2',(#2865),#4639);
#2863=SHAPE_REPRESENTATION('MJTP1117-5506_1',(#2865),#4640);
#2864=SHAPE_REPRESENTATION('MJTP1117-5506_3',(#2865),#4641);
#2865=AXIS2_PLACEMENT_3D('',#3823,#3107,#3108);
#2866=AXIS2_PLACEMENT_3D('',#3824,#3109,#3110);
#2867=AXIS2_PLACEMENT_3D('',#3828,#3112,#3113);
#2868=AXIS2_PLACEMENT_3D('',#3833,#3116,#3117);
#2869=AXIS2_PLACEMENT_3D('',#3839,#3121,#3122);
#2870=AXIS2_PLACEMENT_3D('',#3843,#3125,#3126);
#2871=AXIS2_PLACEMENT_3D('',#3847,#3129,#3130);
#2872=AXIS2_PLACEMENT_3D('',#3848,#3131,#3132);
#2873=AXIS2_PLACEMENT_3D('',#3849,#3133,#3134);
#2874=AXIS2_PLACEMENT_3D('',#3850,#3135,#3136);
#2875=AXIS2_PLACEMENT_3D('',#3851,#3137,#3138);
#2876=AXIS2_PLACEMENT_3D('',#3860,#3143,#3144);
#2877=AXIS2_PLACEMENT_3D('',#3866,#3148,#3149);
#2878=AXIS2_PLACEMENT_3D('',#3872,#3153,#3154);
#2879=AXIS2_PLACEMENT_3D('',#3873,#3155,#3156);
#2880=AXIS2_PLACEMENT_3D('',#3874,#3157,#3158);
#2881=AXIS2_PLACEMENT_3D('',#3875,#3159,#3160);
#2882=AXIS2_PLACEMENT_3D('',#3876,#3161,#3162);
#2883=AXIS2_PLACEMENT_3D('',#3877,#3163,#3164);
#2884=AXIS2_PLACEMENT_3D('',#3878,#3165,#3166);
#2885=AXIS2_PLACEMENT_3D('',#3879,#3167,#3168);
#2886=AXIS2_PLACEMENT_3D('',#3884,#3170,#3171);
#2887=AXIS2_PLACEMENT_3D('',#3888,#3173,#3174);
#2888=AXIS2_PLACEMENT_3D('',#3892,#3176,#3177);
#2889=AXIS2_PLACEMENT_3D('',#3895,#3179,#3180);
#2890=AXIS2_PLACEMENT_3D('',#3896,#3181,#3182);
#2891=AXIS2_PLACEMENT_3D('',#3898,#3183,#3184);
#2892=AXIS2_PLACEMENT_3D('',#3900,#3185,#3186);
#2893=AXIS2_PLACEMENT_3D('',#3901,#3187,#3188);
#2894=AXIS2_PLACEMENT_3D('',#3904,#3190,#3191);
#2895=AXIS2_PLACEMENT_3D('',#3905,#3192,#3193);
#2896=AXIS2_PLACEMENT_3D('',#3906,#3194,#3195);
#2897=AXIS2_PLACEMENT_3D('',#3908,#3196,#3197);
#2898=AXIS2_PLACEMENT_3D('',#3909,#3198,#3199);
#2899=AXIS2_PLACEMENT_3D('',#3910,#3200,#3201);
#2900=AXIS2_PLACEMENT_3D('',#3913,#3203,#3204);
#2901=AXIS2_PLACEMENT_3D('',#3914,#3205,#3206);
#2902=AXIS2_PLACEMENT_3D('',#3916,#3207,#3208);
#2903=AXIS2_PLACEMENT_3D('',#3917,#3209,#3210);
#2904=AXIS2_PLACEMENT_3D('',#3920,#3212,#3213);
#2905=AXIS2_PLACEMENT_3D('',#3921,#3214,#3215);
#2906=AXIS2_PLACEMENT_3D('',#3922,#3216,#3217);
#2907=AXIS2_PLACEMENT_3D('',#3924,#3218,#3219);
#2908=AXIS2_PLACEMENT_3D('',#3925,#3220,#3221);
#2909=AXIS2_PLACEMENT_3D('',#3927,#3223,#3224);
#2910=AXIS2_PLACEMENT_3D('',#3933,#3228,#3229);
#2911=AXIS2_PLACEMENT_3D('',#3936,#3231,#3232);
#2912=AXIS2_PLACEMENT_3D('',#3937,#3233,#3234);
#2913=AXIS2_PLACEMENT_3D('',#3941,#3237,#3238);
#2914=AXIS2_PLACEMENT_3D('',#3944,#3240,#3241);
#2915=AXIS2_PLACEMENT_3D('',#3945,#3242,#3243);
#2916=AXIS2_PLACEMENT_3D('',#3949,#3246,#3247);
#2917=AXIS2_PLACEMENT_3D('',#3952,#3249,#3250);
#2918=AXIS2_PLACEMENT_3D('',#3953,#3251,#3252);
#2919=AXIS2_PLACEMENT_3D('',#3957,#3255,#3256);
#2920=AXIS2_PLACEMENT_3D('',#3958,#3257,#3258);
#2921=AXIS2_PLACEMENT_3D('',#3959,#3259,#3260);
#2922=AXIS2_PLACEMENT_3D('',#3963,#3262,#3263);
#2923=AXIS2_PLACEMENT_3D('',#3967,#3265,#3266);
#2924=AXIS2_PLACEMENT_3D('',#3971,#3268,#3269);
#2925=AXIS2_PLACEMENT_3D('',#3975,#3271,#3272);
#2926=AXIS2_PLACEMENT_3D('',#3976,#3273,#3274);
#2927=AXIS2_PLACEMENT_3D('',#3982,#3278,#3279);
#2928=AXIS2_PLACEMENT_3D('',#3983,#3280,#3281);
#2929=AXIS2_PLACEMENT_3D('',#3986,#3283,#3284);
#2930=AXIS2_PLACEMENT_3D('',#3990,#3287,#3288);
#2931=AXIS2_PLACEMENT_3D('',#3991,#3289,#3290);
#2932=AXIS2_PLACEMENT_3D('',#3994,#3292,#3293);
#2933=AXIS2_PLACEMENT_3D('',#3998,#3296,#3297);
#2934=AXIS2_PLACEMENT_3D('',#3999,#3298,#3299);
#2935=AXIS2_PLACEMENT_3D('',#4002,#3301,#3302);
#2936=AXIS2_PLACEMENT_3D('',#4006,#3305,#3306);
#2937=AXIS2_PLACEMENT_3D('',#4007,#3307,#3308);
#2938=AXIS2_PLACEMENT_3D('',#4008,#3309,#3310);
#2939=AXIS2_PLACEMENT_3D('',#4012,#3312,#3313);
#2940=AXIS2_PLACEMENT_3D('',#4016,#3315,#3316);
#2941=AXIS2_PLACEMENT_3D('',#4021,#3319,#3320);
#2942=AXIS2_PLACEMENT_3D('',#4029,#3322,#3323);
#2943=AXIS2_PLACEMENT_3D('',#4030,#3324,#3325);
#2944=AXIS2_PLACEMENT_3D('',#4031,#3326,#3327);
#2945=AXIS2_PLACEMENT_3D('',#4033,#3328,#3329);
#2946=AXIS2_PLACEMENT_3D('',#4034,#3330,#3331);
#2947=AXIS2_PLACEMENT_3D('',#4035,#3332,#3333);
#2948=AXIS2_PLACEMENT_3D('',#4038,#3335,#3336);
#2949=AXIS2_PLACEMENT_3D('',#4039,#3337,#3338);
#2950=AXIS2_PLACEMENT_3D('',#4041,#3339,#3340);
#2951=AXIS2_PLACEMENT_3D('',#4042,#3341,#3342);
#2952=AXIS2_PLACEMENT_3D('',#4074,#3344,#3345);
#2953=AXIS2_PLACEMENT_3D('',#4075,#3346,#3347);
#2954=AXIS2_PLACEMENT_3D('',#4102,#3349,#3350);
#2955=AXIS2_PLACEMENT_3D('',#4103,#3351,#3352);
#2956=AXIS2_PLACEMENT_3D('',#4108,#3355,#3356);
#2957=AXIS2_PLACEMENT_3D('',#4109,#3357,#3358);
#2958=AXIS2_PLACEMENT_3D('',#4113,#3361,#3362);
#2959=AXIS2_PLACEMENT_3D('',#4116,#3364,#3365);
#2960=AXIS2_PLACEMENT_3D('',#4117,#3366,#3367);
#2961=AXIS2_PLACEMENT_3D('',#4121,#3370,#3371);
#2962=AXIS2_PLACEMENT_3D('',#4124,#3373,#3374);
#2963=AXIS2_PLACEMENT_3D('',#4125,#3375,#3376);
#2964=AXIS2_PLACEMENT_3D('',#4129,#3379,#3380);
#2965=AXIS2_PLACEMENT_3D('',#4132,#3382,#3383);
#2966=AXIS2_PLACEMENT_3D('',#4133,#3384,#3385);
#2967=AXIS2_PLACEMENT_3D('',#4135,#3387,#3388);
#2968=AXIS2_PLACEMENT_3D('',#4143,#3392,#3393);
#2969=AXIS2_PLACEMENT_3D('',#4147,#3395,#3396);
#2970=AXIS2_PLACEMENT_3D('',#4148,#3397,#3398);
#2971=AXIS2_PLACEMENT_3D('',#4180,#3400,#3401);
#2972=AXIS2_PLACEMENT_3D('',#4186,#3402,#3403);
#2973=AXIS2_PLACEMENT_3D('',#4187,#3404,#3405);
#2974=AXIS2_PLACEMENT_3D('',#4190,#3407,#3408);
#2975=AXIS2_PLACEMENT_3D('',#4191,#3409,#3410);
#2976=AXIS2_PLACEMENT_3D('',#4193,#3411,#3412);
#2977=AXIS2_PLACEMENT_3D('',#4194,#3413,#3414);
#2978=AXIS2_PLACEMENT_3D('',#4195,#3415,#3416);
#2979=AXIS2_PLACEMENT_3D('',#4198,#3418,#3419);
#2980=AXIS2_PLACEMENT_3D('',#4199,#3420,#3421);
#2981=AXIS2_PLACEMENT_3D('',#4201,#3422,#3423);
#2982=AXIS2_PLACEMENT_3D('',#4202,#3424,#3425);
#2983=AXIS2_PLACEMENT_3D('',#4229,#3427,#3428);
#2984=AXIS2_PLACEMENT_3D('',#4230,#3429,#3430);
#2985=AXIS2_PLACEMENT_3D('',#4235,#3433,#3434);
#2986=AXIS2_PLACEMENT_3D('',#4236,#3435,#3436);
#2987=AXIS2_PLACEMENT_3D('',#4240,#3439,#3440);
#2988=AXIS2_PLACEMENT_3D('',#4243,#3442,#3443);
#2989=AXIS2_PLACEMENT_3D('',#4244,#3444,#3445);
#2990=AXIS2_PLACEMENT_3D('',#4248,#3448,#3449);
#2991=AXIS2_PLACEMENT_3D('',#4251,#3451,#3452);
#2992=AXIS2_PLACEMENT_3D('',#4252,#3453,#3454);
#2993=AXIS2_PLACEMENT_3D('',#4256,#3457,#3458);
#2994=AXIS2_PLACEMENT_3D('',#4259,#3460,#3461);
#2995=AXIS2_PLACEMENT_3D('',#4260,#3462,#3463);
#2996=AXIS2_PLACEMENT_3D('',#4262,#3465,#3466);
#2997=AXIS2_PLACEMENT_3D('',#4271,#3471,#3472);
#2998=AXIS2_PLACEMENT_3D('',#4277,#3476,#3477);
#2999=AXIS2_PLACEMENT_3D('',#4281,#3480,#3481);
#3000=AXIS2_PLACEMENT_3D('',#4285,#3484,#3485);
#3001=AXIS2_PLACEMENT_3D('',#4287,#3487,#3488);
#3002=AXIS2_PLACEMENT_3D('',#4291,#3490,#3491);
#3003=AXIS2_PLACEMENT_3D('',#4295,#3493,#3494);
#3004=AXIS2_PLACEMENT_3D('',#4296,#3495,#3496);
#3005=AXIS2_PLACEMENT_3D('',#4302,#3500,#3501);
#3006=AXIS2_PLACEMENT_3D('',#4308,#3505,#3506);
#3007=AXIS2_PLACEMENT_3D('',#4314,#3510,#3511);
#3008=AXIS2_PLACEMENT_3D('',#4318,#3513,#3514);
#3009=AXIS2_PLACEMENT_3D('',#4319,#3515,#3516);
#3010=AXIS2_PLACEMENT_3D('',#4320,#3517,#3518);
#3011=AXIS2_PLACEMENT_3D('',#4329,#3523,#3524);
#3012=AXIS2_PLACEMENT_3D('',#4333,#3526,#3527);
#3013=AXIS2_PLACEMENT_3D('',#4334,#3528,#3529);
#3014=AXIS2_PLACEMENT_3D('',#4335,#3530,#3531);
#3015=AXIS2_PLACEMENT_3D('',#4341,#3535,#3536);
#3016=AXIS2_PLACEMENT_3D('',#4342,#3537,#3538);
#3017=AXIS2_PLACEMENT_3D('',#4346,#3540,#3541);
#3018=AXIS2_PLACEMENT_3D('',#4347,#3542,#3543);
#3019=AXIS2_PLACEMENT_3D('',#4350,#3545,#3546);
#3020=AXIS2_PLACEMENT_3D('',#4353,#3548,#3549);
#3021=AXIS2_PLACEMENT_3D('',#4360,#3550,#3551);
#3022=AXIS2_PLACEMENT_3D('',#4361,#3552,#3553);
#3023=AXIS2_PLACEMENT_3D('',#4365,#3555,#3556);
#3024=AXIS2_PLACEMENT_3D('',#4369,#3558,#3559);
#3025=AXIS2_PLACEMENT_3D('',#4370,#3560,#3561);
#3026=AXIS2_PLACEMENT_3D('',#4376,#3565,#3566);
#3027=AXIS2_PLACEMENT_3D('',#4377,#3567,#3568);
#3028=AXIS2_PLACEMENT_3D('',#4379,#3569,#3570);
#3029=AXIS2_PLACEMENT_3D('',#4380,#3571,#3572);
#3030=AXIS2_PLACEMENT_3D('',#4382,#3573,#3574);
#3031=AXIS2_PLACEMENT_3D('',#4383,#3575,#3576);
#3032=AXIS2_PLACEMENT_3D('',#4386,#3579,#3580);
#3033=AXIS2_PLACEMENT_3D('',#4390,#3583,#3584);
#3034=AXIS2_PLACEMENT_3D('',#4394,#3587,#3588);
#3035=AXIS2_PLACEMENT_3D('',#4402,#3593,#3594);
#3036=AXIS2_PLACEMENT_3D('',#4407,#3597,#3598);
#3037=AXIS2_PLACEMENT_3D('',#4412,#3601,#3602);
#3038=AXIS2_PLACEMENT_3D('',#4413,#3603,#3604);
#3039=AXIS2_PLACEMENT_3D('',#4416,#3606,#3607);
#3040=AXIS2_PLACEMENT_3D('',#4419,#3609,#3610);
#3041=AXIS2_PLACEMENT_3D('',#4425,#3614,#3615);
#3042=AXIS2_PLACEMENT_3D('',#4426,#3616,#3617);
#3043=AXIS2_PLACEMENT_3D('',#4430,#3619,#3620);
#3044=AXIS2_PLACEMENT_3D('',#4431,#3621,#3622);
#3045=AXIS2_PLACEMENT_3D('',#4440,#3627,#3628);
#3046=AXIS2_PLACEMENT_3D('',#4444,#3630,#3631);
#3047=AXIS2_PLACEMENT_3D('',#4448,#3633,#3634);
#3048=AXIS2_PLACEMENT_3D('',#4449,#3635,#3636);
#3049=AXIS2_PLACEMENT_3D('',#4453,#3638,#3639);
#3050=AXIS2_PLACEMENT_3D('',#4457,#3641,#3642);
#3051=AXIS2_PLACEMENT_3D('',#4458,#3643,#3644);
#3052=AXIS2_PLACEMENT_3D('',#4461,#3647,#3648);
#3053=AXIS2_PLACEMENT_3D('',#4464,#3651,#3652);
#3054=AXIS2_PLACEMENT_3D('',#4473,#3657,#3658);
#3055=AXIS2_PLACEMENT_3D('',#4474,#3659,#3660);
#3056=AXIS2_PLACEMENT_3D('',#4478,#3662,#3663);
#3057=AXIS2_PLACEMENT_3D('',#4479,#3664,#3665);
#3058=AXIS2_PLACEMENT_3D('',#4487,#3670,#3671);
#3059=AXIS2_PLACEMENT_3D('',#4491,#3673,#3674);
#3060=AXIS2_PLACEMENT_3D('',#4494,#3676,#3677);
#3061=AXIS2_PLACEMENT_3D('',#4497,#3679,#3680);
#3062=AXIS2_PLACEMENT_3D('',#4500,#3682,#3683);
#3063=AXIS2_PLACEMENT_3D('',#4509,#3688,#3689);
#3064=AXIS2_PLACEMENT_3D('',#4515,#3693,#3694);
#3065=AXIS2_PLACEMENT_3D('',#4519,#3697,#3698);
#3066=AXIS2_PLACEMENT_3D('',#4523,#3701,#3702);
#3067=AXIS2_PLACEMENT_3D('',#4525,#3704,#3705);
#3068=AXIS2_PLACEMENT_3D('',#4533,#3710,#3711);
#3069=AXIS2_PLACEMENT_3D('',#4541,#3716,#3717);
#3070=AXIS2_PLACEMENT_3D('',#4547,#3721,#3722);
#3071=AXIS2_PLACEMENT_3D('',#4548,#3723,#3724);
#3072=AXIS2_PLACEMENT_3D('',#4552,#3726,#3727);
#3073=AXIS2_PLACEMENT_3D('',#4553,#3728,#3729);
#3074=AXIS2_PLACEMENT_3D('',#4559,#3733,#3734);
#3075=AXIS2_PLACEMENT_3D('',#4560,#3735,#3736);
#3076=AXIS2_PLACEMENT_3D('',#4567,#3737,#3738);
#3077=AXIS2_PLACEMENT_3D('',#4568,#3739,#3740);
#3078=AXIS2_PLACEMENT_3D('',#4570,#3741,#3742);
#3079=AXIS2_PLACEMENT_3D('',#4571,#3743,#3744);
#3080=AXIS2_PLACEMENT_3D('',#4573,#3745,#3746);
#3081=AXIS2_PLACEMENT_3D('',#4574,#3747,#3748);
#3082=AXIS2_PLACEMENT_3D('',#4575,#3749,#3750);
#3083=AXIS2_PLACEMENT_3D('',#4580,#3753,#3754);
#3084=AXIS2_PLACEMENT_3D('',#4582,#3756,#3757);
#3085=AXIS2_PLACEMENT_3D('',#4583,#3758,#3759);
#3086=AXIS2_PLACEMENT_3D('',#4587,#3761,#3762);
#3087=AXIS2_PLACEMENT_3D('',#4588,#3763,#3764);
#3088=AXIS2_PLACEMENT_3D('',#4592,#3766,#3767);
#3089=AXIS2_PLACEMENT_3D('',#4596,#3769,#3770);
#3090=AXIS2_PLACEMENT_3D('',#4597,#3771,#3772);
#3091=AXIS2_PLACEMENT_3D('',#4600,#3775,#3776);
#3092=AXIS2_PLACEMENT_3D('',#4602,#3778,#3779);
#3093=AXIS2_PLACEMENT_3D('',#4604,#3781,#3782);
#3094=AXIS2_PLACEMENT_3D('',#4608,#3785,#3786);
#3095=AXIS2_PLACEMENT_3D('',#4611,#3789,#3790);
#3096=AXIS2_PLACEMENT_3D('',#4613,#3792,#3793);
#3097=AXIS2_PLACEMENT_3D('',#4618,#3796,#3797);
#3098=AXIS2_PLACEMENT_3D('',#4619,#3798,#3799);
#3099=AXIS2_PLACEMENT_3D('',#4622,#3801,#3802);
#3100=AXIS2_PLACEMENT_3D('',#4623,#3803,#3804);
#3101=AXIS2_PLACEMENT_3D('',#4627,#3807,#3808);
#3102=AXIS2_PLACEMENT_3D('',#4629,#3810,#3811);
#3103=AXIS2_PLACEMENT_3D('',#4631,#3813,#3814);
#3104=AXIS2_PLACEMENT_3D('',#4633,#3816,#3817);
#3105=AXIS2_PLACEMENT_3D('',#4635,#3819,#3820);
#3106=AXIS2_PLACEMENT_3D('',#4636,#3821,#3822);
#3107=DIRECTION('',(0.,0.,1.));
#3108=DIRECTION('',(1.,0.,0.));
#3109=DIRECTION('',(0.,1.,0.));
#3110=DIRECTION('',(0.,0.,1.));
#3111=DIRECTION('',(0.,0.,1.));
#3112=DIRECTION('',(0.,1.,0.));
#3113=DIRECTION('',(0.,0.,-1.));
#3114=DIRECTION('',(0.,0.,-1.));
#3115=DIRECTION('',(1.,0.,0.));
#3116=DIRECTION('',(-1.,0.,0.));
#3117=DIRECTION('',(0.,0.,1.));
#3118=DIRECTION('',(0.,1.,0.));
#3119=DIRECTION('',(0.,0.,-1.));
#3120=DIRECTION('',(0.,1.,0.));
#3121=DIRECTION('',(0.,0.,-1.));
#3122=DIRECTION('',(-1.,0.,0.));
#3123=DIRECTION('',(0.,-1.,0.));
#3124=DIRECTION('',(1.,0.,0.));
#3125=DIRECTION('',(1.,0.,0.));
#3126=DIRECTION('',(0.,0.,-1.));
#3127=DIRECTION('',(0.,0.,1.));
#3128=DIRECTION('',(0.,-1.,0.));
#3129=DIRECTION('',(0.,1.,0.));
#3130=DIRECTION('',(1.22464679914735E-16,0.,-1.));
#3131=DIRECTION('',(0.,-1.,0.));
#3132=DIRECTION('',(-1.,0.,0.));
#3133=DIRECTION('',(0.,1.,0.));
#3134=DIRECTION('',(0.,0.,1.));
#3135=DIRECTION('',(0.,0.,1.));
#3136=DIRECTION('',(1.,0.,0.));
#3137=DIRECTION('',(1.,0.,0.));
#3138=DIRECTION('',(0.,0.,-1.));
#3139=DIRECTION('',(0.,0.,1.));
#3140=DIRECTION('',(0.,-1.,0.));
#3141=DIRECTION('',(0.,0.,1.));
#3142=DIRECTION('',(0.,-1.,0.));
#3143=DIRECTION('',(0.,0.,-1.));
#3144=DIRECTION('',(-1.,0.,0.));
#3145=DIRECTION('',(1.,0.,0.));
#3146=DIRECTION('',(0.,1.,0.));
#3147=DIRECTION('',(1.,0.,0.));
#3148=DIRECTION('',(-1.,0.,0.));
#3149=DIRECTION('',(0.,0.,1.));
#3150=DIRECTION('',(0.,0.,-1.));
#3151=DIRECTION('',(0.,1.,0.));
#3152=DIRECTION('',(0.,0.,-1.));
#3153=DIRECTION('',(0.,1.,0.));
#3154=DIRECTION('',(0.,0.,1.));
#3155=DIRECTION('',(0.,-1.,0.));
#3156=DIRECTION('',(0.,0.,-1.));
#3157=DIRECTION('',(0.,1.,0.));
#3158=DIRECTION('',(1.22464679914735E-16,0.,-1.));
#3159=DIRECTION('',(0.,1.,0.));
#3160=DIRECTION('',(1.,0.,0.));
#3161=DIRECTION('',(0.,1.,0.));
#3162=DIRECTION('',(0.,0.,1.));
#3163=DIRECTION('',(0.,0.,1.));
#3164=DIRECTION('',(1.,0.,0.));
#3165=DIRECTION('',(0.,-1.,0.));
#3166=DIRECTION('',(0.,0.,-1.));
#3167=DIRECTION('',(0.,-1.,0.));
#3168=DIRECTION('',(-1.,0.,5.118855655336E-12));
#3169=DIRECTION('',(-1.,0.,-3.310381166149E-14));
#3170=DIRECTION('',(0.,-1.,0.));
#3171=DIRECTION('',(4.795006258907E-11,0.,-1.));
#3172=DIRECTION('',(-9.080252099562E-14,0.,-1.));
#3173=DIRECTION('',(0.,-1.,0.));
#3174=DIRECTION('',(1.,0.,4.592228856521E-11));
#3175=DIRECTION('',(1.,0.,1.335517006304E-13));
#3176=DIRECTION('',(0.,-1.,0.));
#3177=DIRECTION('',(4.243723353479E-11,0.,1.));
#3178=DIRECTION('',(-1.67671420919E-14,0.,1.));
#3179=DIRECTION('',(0.,-1.,0.));
#3180=DIRECTION('',(0.,0.,-1.));
#3181=DIRECTION('',(0.,0.,-1.));
#3182=DIRECTION('',(-1.199040866595E-12,-1.,0.));
#3183=DIRECTION('',(0.,-1.,0.));
#3184=DIRECTION('',(-1.,0.,0.));
#3185=DIRECTION('',(-1.,0.,0.));
#3186=DIRECTION('',(0.,0.,-1.));
#3187=DIRECTION('',(-1.,0.,0.));
#3188=DIRECTION('',(0.,0.,1.));
#3189=DIRECTION('',(1.,0.,2.483845535679E-14));
#3190=DIRECTION('',(1.,0.,0.));
#3191=DIRECTION('',(0.,-1.,1.360023205166E-11));
#3192=DIRECTION('',(0.,-1.,0.));
#3193=DIRECTION('',(0.,0.,-1.));
#3194=DIRECTION('',(0.,0.,-1.));
#3195=DIRECTION('',(1.,0.,0.));
#3196=DIRECTION('',(0.,-1.,0.));
#3197=DIRECTION('',(0.,0.,-1.));
#3198=DIRECTION('',(0.,0.,-1.));
#3199=DIRECTION('',(-1.,0.,0.));
#3200=DIRECTION('',(0.,0.,1.));
#3201=DIRECTION('',(-1.999289622745E-11,-1.,0.));
#3202=DIRECTION('',(6.829106266566E-14,0.,1.));
#3203=DIRECTION('',(0.,-1.,0.));
#3204=DIRECTION('',(0.,0.,-1.));
#3205=DIRECTION('',(1.,0.,0.));
#3206=DIRECTION('',(0.,0.,1.));
#3207=DIRECTION('',(0.,-1.,0.));
#3208=DIRECTION('',(1.,0.,0.));
#3209=DIRECTION('',(1.,0.,0.));
#3210=DIRECTION('',(0.,0.,-1.));
#3211=DIRECTION('',(-1.,0.,-2.00305314565E-13));
#3212=DIRECTION('',(-1.,0.,0.));
#3213=DIRECTION('',(0.,-1.,1.99995575656E-11));
#3214=DIRECTION('',(0.,-1.,0.));
#3215=DIRECTION('',(0.,0.,-1.));
#3216=DIRECTION('',(0.,-1.,0.));
#3217=DIRECTION('',(0.,0.,1.));
#3218=DIRECTION('',(0.,0.,1.));
#3219=DIRECTION('',(-1.,0.,0.));
#3220=DIRECTION('',(0.,0.,1.));
#3221=DIRECTION('',(1.,0.,0.));
#3222=DIRECTION('',(1.262245528266E-14,0.,-1.));
#3223=DIRECTION('',(1.,0.,0.));
#3224=DIRECTION('',(0.,0.,-1.));
#3225=DIRECTION('',(0.,1.,0.));
#3226=DIRECTION('',(0.,-1.,0.));
#3227=DIRECTION('',(0.,0.,1.));
#3228=DIRECTION('',(0.,1.,0.));
#3229=DIRECTION('',(0.,0.,1.));
#3230=DIRECTION('',(1.485086563528E-12,1.,9.809146958747E-14));
#3231=DIRECTION('',(0.,1.,0.));
#3232=DIRECTION('',(-1.,0.,0.));
#3233=DIRECTION('',(0.,0.,-1.));
#3234=DIRECTION('',(-1.,0.,0.));
#3235=DIRECTION('',(0.,-1.,0.));
#3236=DIRECTION('',(1.,0.,1.335072278696E-13));
#3237=DIRECTION('',(0.,1.,0.));
#3238=DIRECTION('',(0.,0.,1.));
#3239=DIRECTION('',(-9.809146958747E-14,1.,1.485217178001E-12));
#3240=DIRECTION('',(0.,1.,0.));
#3241=DIRECTION('',(0.,0.,1.));
#3242=DIRECTION('',(-1.,0.,0.));
#3243=DIRECTION('',(0.,0.,1.));
#3244=DIRECTION('',(5.107025913276E-14,-1.,1.233849623779E-12));
#3245=DIRECTION('',(0.,0.,-1.));
#3246=DIRECTION('',(0.,1.,0.));
#3247=DIRECTION('',(0.,0.,1.));
#3248=DIRECTION('',(1.234045545489E-12,1.,5.107025913276E-14));
#3249=DIRECTION('',(0.,1.,0.));
#3250=DIRECTION('',(1.,0.,-4.519449838857E-11));
#3251=DIRECTION('',(0.,0.,1.));
#3252=DIRECTION('',(1.,0.,0.));
#3253=DIRECTION('',(1.233784316542E-12,-1.,-8.934029986395E-14));
#3254=DIRECTION('',(-1.,0.,0.));
#3255=DIRECTION('',(0.,1.,0.));
#3256=DIRECTION('',(0.,0.,1.));
#3257=DIRECTION('',(0.,1.,0.));
#3258=DIRECTION('',(-5.11044556224E-11,0.,-1.));
#3259=DIRECTION('',(0.,-1.,0.));
#3260=DIRECTION('',(0.,0.,-1.));
#3261=DIRECTION('',(1.,0.,0.));
#3262=DIRECTION('',(0.,-1.,0.));
#3263=DIRECTION('',(4.002175953396E-11,0.,-1.));
#3264=DIRECTION('',(0.,0.,1.));
#3265=DIRECTION('',(0.,-1.,0.));
#3266=DIRECTION('',(1.,0.,3.19639872998E-11));
#3267=DIRECTION('',(-1.,0.,-1.325288271324E-13));
#3268=DIRECTION('',(0.,-1.,0.));
#3269=DIRECTION('',(3.051085375258E-11,0.,1.));
#3270=DIRECTION('',(0.,0.,-1.));
#3271=DIRECTION('',(0.,-1.,0.));
#3272=DIRECTION('',(-1.,0.,0.));
#3273=DIRECTION('',(-1.,0.,0.));
#3274=DIRECTION('',(0.,0.,1.));
#3275=DIRECTION('',(0.,0.,1.));
#3276=DIRECTION('',(0.,1.,0.));
#3277=DIRECTION('',(0.,-1.,0.));
#3278=DIRECTION('',(0.,-1.,0.));
#3279=DIRECTION('',(0.,0.,-1.));
#3280=DIRECTION('',(0.,1.,0.));
#3281=DIRECTION('',(1.274212179849E-13,0.,1.));
#3282=DIRECTION('',(0.,-1.,0.));
#3283=DIRECTION('',(0.,0.,-1.));
#3284=DIRECTION('',(-1.,0.,0.));
#3285=DIRECTION('',(-1.,0.,-1.324398816108E-13));
#3286=DIRECTION('',(0.,1.,0.));
#3287=DIRECTION('',(0.,-1.,0.));
#3288=DIRECTION('',(0.,0.,-1.));
#3289=DIRECTION('',(0.,1.,0.));
#3290=DIRECTION('',(-1.,0.,-1.422146384457E-13));
#3291=DIRECTION('',(0.,-1.,0.));
#3292=DIRECTION('',(1.,0.,0.));
#3293=DIRECTION('',(0.,0.,-1.));
#3294=DIRECTION('',(0.,0.,-1.));
#3295=DIRECTION('',(0.,1.,0.));
#3296=DIRECTION('',(0.,-1.,0.));
#3297=DIRECTION('',(0.,0.,-1.));
#3298=DIRECTION('',(0.,1.,0.));
#3299=DIRECTION('',(-4.37484515851E-11,0.,-1.));
#3300=DIRECTION('',(0.,-1.,0.));
#3301=DIRECTION('',(0.,0.,1.));
#3302=DIRECTION('',(1.,0.,0.));
#3303=DIRECTION('',(1.,0.,0.));
#3304=DIRECTION('',(0.,1.,0.));
#3305=DIRECTION('',(0.,-1.,0.));
#3306=DIRECTION('',(0.,0.,-1.));
#3307=DIRECTION('',(0.,1.,0.));
#3308=DIRECTION('',(1.,0.,-4.000415878361E-11));
#3309=DIRECTION('',(0.,1.,0.));
#3310=DIRECTION('',(0.,0.,1.));
#3311=DIRECTION('',(1.,0.,-6.736212872869E-13));
#3312=DIRECTION('',(0.,-1.,0.));
#3313=DIRECTION('',(-4.058324868523E-11,0.,1.));
#3314=DIRECTION('',(0.,0.,1.));
#3315=DIRECTION('',(0.,-1.,0.));
#3316=DIRECTION('',(-1.,0.,0.));
#3317=DIRECTION('',(-1.,0.,0.));
#3318=DIRECTION('',(0.,0.,-1.));
#3319=DIRECTION('',(-1.,0.,0.));
#3320=DIRECTION('',(0.,0.,1.));
#3321=DIRECTION('',(-1.,0.,9.18187424831E-13));
#3322=DIRECTION('',(-1.,0.,0.));
#3323=DIRECTION('',(0.,-1.,-6.667259337216E-12));
#3324=DIRECTION('',(0.,1.,0.));
#3325=DIRECTION('',(0.,0.,1.));
#3326=DIRECTION('',(0.,0.,1.));
#3327=DIRECTION('',(-1.,0.,0.));
#3328=DIRECTION('',(0.,-1.,0.));
#3329=DIRECTION('',(0.,0.,1.));
#3330=DIRECTION('',(0.,0.,-1.));
#3331=DIRECTION('',(-1.,0.,0.));
#3332=DIRECTION('',(0.,0.,-1.));
#3333=DIRECTION('',(0.,-1.,0.));
#3334=DIRECTION('',(0.,0.,-1.));
#3335=DIRECTION('',(0.,1.,0.));
#3336=DIRECTION('',(0.,0.,1.));
#3337=DIRECTION('',(-1.,0.,0.));
#3338=DIRECTION('',(0.,0.,-1.));
#3339=DIRECTION('',(0.,-1.,0.));
#3340=DIRECTION('',(-1.,0.,0.));
#3341=DIRECTION('',(1.,0.,0.));
#3342=DIRECTION('',(0.,0.,-1.));
#3343=DIRECTION('',(1.,0.,9.387220784024E-14));
#3344=DIRECTION('',(0.,-1.,0.));
#3345=DIRECTION('',(0.,0.,-1.));
#3346=DIRECTION('',(0.,0.,1.));
#3347=DIRECTION('',(1.,0.,0.));
#3348=DIRECTION('',(2.547785052273E-14,0.,1.));
#3349=DIRECTION('',(0.,-1.,0.));
#3350=DIRECTION('',(1.,0.,0.));
#3351=DIRECTION('',(0.,1.,0.));
#3352=DIRECTION('',(0.,0.,1.));
#3353=DIRECTION('',(-1.367794766338E-12,-1.,0.));
#3354=DIRECTION('',(0.,1.,1.367794766338E-12));
#3355=DIRECTION('',(0.,1.,0.));
#3356=DIRECTION('',(-1.33216578104E-14,0.,1.));
#3357=DIRECTION('',(1.,0.,0.));
#3358=DIRECTION('',(0.,0.,-1.));
#3359=DIRECTION('',(3.5527136788E-13,-1.,-1.076916333886E-11));
#3360=DIRECTION('',(3.411441002196E-14,0.,1.));
#3361=DIRECTION('',(0.,1.,0.));
#3362=DIRECTION('',(0.,0.,1.));
#3363=DIRECTION('',(-1.074695887837E-11,1.,3.508304757815E-13));
#3364=DIRECTION('',(0.,1.,0.));
#3365=DIRECTION('',(1.,0.,1.573436771176E-11));
#3366=DIRECTION('',(0.,0.,-1.));
#3367=DIRECTION('',(-1.,0.,0.));
#3368=DIRECTION('',(1.7763568394E-14,-1.,0.));
#3369=DIRECTION('',(1.,0.,1.251629437871E-13));
#3370=DIRECTION('',(0.,1.,0.));
#3371=DIRECTION('',(0.,0.,1.));
#3372=DIRECTION('',(0.,1.,-1.110223024625E-14));
#3373=DIRECTION('',(0.,1.,0.));
#3374=DIRECTION('',(0.,0.,-1.));
#3375=DIRECTION('',(-1.,0.,0.));
#3376=DIRECTION('',(0.,0.,1.));
#3377=DIRECTION('',(0.,-1.,-1.33226762955E-14));
#3378=DIRECTION('',(0.,0.,-1.));
#3379=DIRECTION('',(0.,1.,0.));
#3380=DIRECTION('',(0.,0.,1.));
#3381=DIRECTION('',(-5.049294315995E-11,1.,-3.335109965974E-12));
#3382=DIRECTION('',(0.,1.,0.));
#3383=DIRECTION('',(-1.,0.,0.));
#3384=DIRECTION('',(0.,0.,1.));
#3385=DIRECTION('',(1.,0.,0.));
#3386=DIRECTION('',(-1.,0.,6.123967638053E-13));
#3387=DIRECTION('',(0.,1.,0.));
#3388=DIRECTION('',(0.,0.,1.));
#3389=DIRECTION('',(1.,0.,6.868647581133E-13));
#3390=DIRECTION('',(0.,0.,1.));
#3391=DIRECTION('',(-1.,0.,0.));
#3392=DIRECTION('',(0.,-1.,0.));
#3393=DIRECTION('',(0.,0.,-1.));
#3394=DIRECTION('',(0.,0.,-1.));
#3395=DIRECTION('',(0.,-1.,0.));
#3396=DIRECTION('',(1.,0.,0.));
#3397=DIRECTION('',(0.,0.,-1.));
#3398=DIRECTION('',(-1.,0.,0.));
#3399=DIRECTION('',(2.547785052273E-14,0.,-1.));
#3400=DIRECTION('',(0.,-1.,0.));
#3401=DIRECTION('',(-1.,0.,0.));
#3402=DIRECTION('',(1.,0.,0.));
#3403=DIRECTION('',(0.,0.,-1.));
#3404=DIRECTION('',(1.,0.,0.));
#3405=DIRECTION('',(0.,-1.,0.));
#3406=DIRECTION('',(1.,0.,-9.347612257509E-14));
#3407=DIRECTION('',(0.,1.,0.));
#3408=DIRECTION('',(0.,0.,1.));
#3409=DIRECTION('',(0.,0.,-1.));
#3410=DIRECTION('',(1.,0.,0.));
#3411=DIRECTION('',(0.,-1.,0.));
#3412=DIRECTION('',(0.,0.,-1.));
#3413=DIRECTION('',(0.,0.,1.));
#3414=DIRECTION('',(1.,0.,0.));
#3415=DIRECTION('',(0.,0.,1.));
#3416=DIRECTION('',(0.,-1.,0.));
#3417=DIRECTION('',(0.,0.,1.));
#3418=DIRECTION('',(0.,1.,0.));
#3419=DIRECTION('',(0.,0.,1.));
#3420=DIRECTION('',(0.,-1.,0.));
#3421=DIRECTION('',(1.,0.,0.));
#3422=DIRECTION('',(1.,0.,0.));
#3423=DIRECTION('',(0.,0.,1.));
#3424=DIRECTION('',(-1.,0.,0.));
#3425=DIRECTION('',(0.,0.,1.));
#3426=DIRECTION('',(-1.,0.,-9.275650051024E-13));
#3427=DIRECTION('',(0.,-1.,0.));
#3428=DIRECTION('',(0.,0.,1.));
#3429=DIRECTION('',(0.,1.,0.));
#3430=DIRECTION('',(0.,0.,1.));
#3431=DIRECTION('',(0.,-1.,-1.367794766338E-12));
#3432=DIRECTION('',(-1.358912982141E-12,1.,0.));
#3433=DIRECTION('',(0.,1.,0.));
#3434=DIRECTION('',(-1.,0.,0.));
#3435=DIRECTION('',(0.,0.,1.));
#3436=DIRECTION('',(1.,0.,0.));
#3437=DIRECTION('',(-5.049294315995E-11,-1.,3.357314426466E-12));
#3438=DIRECTION('',(-1.,0.,-6.189202979071E-13));
#3439=DIRECTION('',(0.,1.,0.));
#3440=DIRECTION('',(0.,0.,1.));
#3441=DIRECTION('',(0.,1.,0.));
#3442=DIRECTION('',(0.,1.,0.));
#3443=DIRECTION('',(2.248674105513E-11,0.,1.));
#3444=DIRECTION('',(1.,0.,0.));
#3445=DIRECTION('',(0.,0.,-1.));
#3446=DIRECTION('',(0.,-1.,0.));
#3447=DIRECTION('',(0.,0.,1.));
#3448=DIRECTION('',(0.,1.,0.));
#3449=DIRECTION('',(0.,0.,1.));
#3450=DIRECTION('',(1.7763568394E-14,1.,0.));
#3451=DIRECTION('',(0.,1.,0.));
#3452=DIRECTION('',(1.,0.,0.));
#3453=DIRECTION('',(0.,0.,-1.));
#3454=DIRECTION('',(-1.,0.,0.));
#3455=DIRECTION('',(-1.074695887837E-11,-1.,-3.508304757815E-13));
#3456=DIRECTION('',(1.,0.,-1.251629437871E-13));
#3457=DIRECTION('',(0.,1.,0.));
#3458=DIRECTION('',(0.,0.,1.));
#3459=DIRECTION('',(3.5527136788E-13,1.,1.076028155467E-11));
#3460=DIRECTION('',(0.,1.,0.));
#3461=DIRECTION('',(1.571586601951E-11,0.,-1.));
#3462=DIRECTION('',(-1.,0.,0.));
#3463=DIRECTION('',(0.,0.,1.));
#3464=DIRECTION('',(3.411441002196E-14,0.,-1.));
#3465=DIRECTION('',(-1.,0.,0.));
#3466=DIRECTION('',(0.,0.,-1.));
#3467=DIRECTION('',(0.,-1.,0.));
#3468=DIRECTION('',(0.,0.,1.));
#3469=DIRECTION('',(0.,1.,0.));
#3470=DIRECTION('',(0.,0.,-1.));
#3471=DIRECTION('',(0.,-1.,0.));
#3472=DIRECTION('',(0.,0.,-1.));
#3473=DIRECTION('',(1.,0.,0.));
#3474=DIRECTION('',(0.,0.,1.));
#3475=DIRECTION('',(1.,0.,0.));
#3476=DIRECTION('',(0.,0.,1.));
#3477=DIRECTION('',(-1.,0.,0.));
#3478=DIRECTION('',(0.,1.,0.));
#3479=DIRECTION('',(1.,0.,0.));
#3480=DIRECTION('',(0.,1.,0.));
#3481=DIRECTION('',(0.,0.,1.));
#3482=DIRECTION('',(0.,0.,-1.));
#3483=DIRECTION('',(1.,0.,0.));
#3484=DIRECTION('',(0.,0.,-1.));
#3485=DIRECTION('',(1.,0.,0.));
#3486=DIRECTION('',(0.,-1.,0.));
#3487=DIRECTION('',(0.,1.,0.));
#3488=DIRECTION('',(0.,0.,1.));
#3489=DIRECTION('',(0.,-1.,0.));
#3490=DIRECTION('',(0.,-1.,0.));
#3491=DIRECTION('',(-1.443289932013E-14,0.,1.));
#3492=DIRECTION('',(0.,1.,0.));
#3493=DIRECTION('',(0.,1.,0.));
#3494=DIRECTION('',(-1.,0.,0.));
#3495=DIRECTION('',(-1.,0.,0.));
#3496=DIRECTION('',(0.,0.,1.));
#3497=DIRECTION('',(0.,0.,1.));
#3498=DIRECTION('',(0.,0.,1.));
#3499=DIRECTION('',(0.,1.,0.));
#3500=DIRECTION('',(0.,0.,1.));
#3501=DIRECTION('',(1.,0.,0.));
#3502=DIRECTION('',(0.,1.,0.));
#3503=DIRECTION('',(1.,0.,0.));
#3504=DIRECTION('',(1.,0.,0.));
#3505=DIRECTION('',(1.,0.,0.));
#3506=DIRECTION('',(0.,0.,-1.));
#3507=DIRECTION('',(0.,0.,-1.));
#3508=DIRECTION('',(0.,1.,0.));
#3509=DIRECTION('',(0.,0.,-1.));
#3510=DIRECTION('',(0.,1.,0.));
#3511=DIRECTION('',(0.,0.,1.));
#3512=DIRECTION('',(0.,-1.,0.));
#3513=DIRECTION('',(0.,-1.,0.));
#3514=DIRECTION('',(1.,0.,0.));
#3515=DIRECTION('',(0.,1.,0.));
#3516=DIRECTION('',(1.443289932013E-14,0.,1.));
#3517=DIRECTION('',(-0.92976721885041,0.,0.368147957689804));
#3518=DIRECTION('',(0.368147957689804,0.,0.92976721885041));
#3519=DIRECTION('',(2.708944180085E-14,-1.,-3.19744231092E-14));
#3520=DIRECTION('',(0.368147957689683,0.,0.929767218850458));
#3521=DIRECTION('',(0.,1.,0.));
#3522=DIRECTION('',(-0.368147957689683,0.,-0.929767218850458));
#3523=DIRECTION('',(0.,1.,0.));
#3524=DIRECTION('',(0.,0.,1.));
#3525=DIRECTION('',(0.,-1.,0.));
#3526=DIRECTION('',(0.,-1.,0.));
#3527=DIRECTION('',(-0.929767218847122,0.,0.368147957698109));
#3528=DIRECTION('',(0.,1.,0.));
#3529=DIRECTION('',(-0.922670627195706,0.,-0.385589047705303));
#3530=DIRECTION('',(-0.922670627220076,0.,-0.38558904764699));
#3531=DIRECTION('',(-0.38558904764699,0.,0.922670627220075));
#3532=DIRECTION('',(0.,-1.,0.));
#3533=DIRECTION('',(0.385589047646905,0.,-0.922670627220111));
#3534=DIRECTION('',(-0.385589047646905,0.,0.922670627220111));
#3535=DIRECTION('',(0.,1.,0.));
#3536=DIRECTION('',(0.,0.,1.));
#3537=DIRECTION('',(0.,-1.,0.));
#3538=DIRECTION('',(1.,0.,0.));
#3539=DIRECTION('',(0.,1.,0.));
#3540=DIRECTION('',(0.,1.,0.));
#3541=DIRECTION('',(0.922670627239417,0.,0.385589047600707));
#3542=DIRECTION('',(1.,0.,0.));
#3543=DIRECTION('',(0.,0.,-1.));
#3544=DIRECTION('',(0.,-2.793672404472E-12,-1.));
#3545=DIRECTION('',(-1.,0.,0.));
#3546=DIRECTION('',(0.,0.,-1.));
#3547=DIRECTION('',(0.,2.754324905818E-12,-1.));
#3548=DIRECTION('',(-1.,0.,0.));
#3549=DIRECTION('',(0.,0.,1.));
#3550=DIRECTION('',(-1.,0.,0.));
#3551=DIRECTION('',(0.,0.,1.));
#3552=DIRECTION('',(0.,1.,0.));
#3553=DIRECTION('',(0.,0.,1.));
#3554=DIRECTION('',(4.92919949745722E-07,-0.999999999999244,-1.12673824847905E-06));
#3555=DIRECTION('',(0.,-1.,0.));
#3556=DIRECTION('',(-0.925500362728101,0.,0.3787467208969));
#3557=DIRECTION('',(0.,1.,1.021405182655E-14));
#3558=DIRECTION('',(0.,1.,0.));
#3559=DIRECTION('',(-0.916165705243036,0.,-0.400799701268016));
#3560=DIRECTION('',(0.916165705225463,0.,0.400799701308184));
#3561=DIRECTION('',(0.400799701308184,0.,-0.916165705225463));
#3562=DIRECTION('',(0.400799701308305,0.,-0.916165705225411));
#3563=DIRECTION('',(-0.400799701308305,0.,0.916165705225411));
#3564=DIRECTION('',(0.,-1.,0.));
#3565=DIRECTION('',(0.,1.,0.));
#3566=DIRECTION('',(0.,0.,1.));
#3567=DIRECTION('',(0.,-1.,0.));
#3568=DIRECTION('',(0.995387360844539,0.,0.0959374893925338));
#3569=DIRECTION('',(-0.879238945461154,-0.460153778687844,-0.123277640891028));
#3570=DIRECTION('',(0.476380626800593,-0.848955480792132,-0.228770824280708));
#3571=DIRECTION('',(-0.87924050247047,0.460150918456984,-0.123277212244073));
#3572=DIRECTION('',(0.466865022378813,0.883788165450196,-0.0309116400310068));
#3573=DIRECTION('',(0.,1.,0.));
#3574=DIRECTION('',(0.916164539437834,0.,0.400802366106615));
#3575=DIRECTION('',(-1.,0.,0.));
#3576=DIRECTION('',(0.,9.92861008544825E-13,-1.));
#3577=DIRECTION('',(-1.,0.,2.190042828863E-12));
#3578=DIRECTION('',(1.,0.,-2.298193092015E-12));
#3579=DIRECTION('',(0.,1.,0.));
#3580=DIRECTION('',(0.,0.,1.));
#3581=DIRECTION('',(1.,0.,4.68558969633E-13));
#3582=DIRECTION('',(-0.378786887830187,0.,-0.925483924013768));
#3583=DIRECTION('',(0.925483924013887,0.,-0.378786887829895));
#3584=DIRECTION('',(-0.378786887829895,0.,-0.925483924013887));
#3585=DIRECTION('',(0.,-1.,0.));
#3586=DIRECTION('',(0.378786887830187,0.,0.925483924013768));
#3587=DIRECTION('',(0.,1.,0.));
#3588=DIRECTION('',(0.,0.,1.));
#3589=DIRECTION('',(1.829054709675E-13,0.,-1.));
#3590=DIRECTION('',(-1.,0.,3.090002926713E-11));
#3591=DIRECTION('',(0.,0.,1.));
#3592=DIRECTION('',(1.,0.,0.));
#3593=DIRECTION('',(0.,0.,1.));
#3594=DIRECTION('',(1.,0.,0.));
#3595=DIRECTION('',(1.,0.,0.));
#3596=DIRECTION('',(1.,0.,0.));
#3597=DIRECTION('',(0.,0.,-1.));
#3598=DIRECTION('',(0.,-1.,0.));
#3599=DIRECTION('',(0.,1.,0.));
#3600=DIRECTION('',(0.,-1.,0.));
#3601=DIRECTION('',(0.,0.,1.));
#3602=DIRECTION('',(-1.,0.,0.));
#3603=DIRECTION('',(0.,0.,-1.));
#3604=DIRECTION('',(-1.,0.,0.));
#3605=DIRECTION('',(0.,0.,-1.));
#3606=DIRECTION('',(0.,0.,-1.));
#3607=DIRECTION('',(-1.7763568394E-14,-1.,0.));
#3608=DIRECTION('',(0.,0.,1.));
#3609=DIRECTION('',(0.,-1.,0.));
#3610=DIRECTION('',(0.,0.,-1.));
#3611=DIRECTION('',(1.,0.,0.));
#3612=DIRECTION('',(2.6645352591E-14,0.,-1.));
#3613=DIRECTION('',(1.,0.,0.));
#3614=DIRECTION('',(0.,0.,-1.));
#3615=DIRECTION('',(-1.,0.,0.));
#3616=DIRECTION('',(0.,0.,-1.));
#3617=DIRECTION('',(1.,0.,0.));
#3618=DIRECTION('',(0.,0.,1.));
#3619=DIRECTION('',(0.,0.,1.));
#3620=DIRECTION('',(0.,-1.,0.));
#3621=DIRECTION('',(0.,1.,0.));
#3622=DIRECTION('',(0.,0.,1.));
#3623=DIRECTION('',(1.,0.,0.));
#3624=DIRECTION('',(0.,0.,1.));
#3625=DIRECTION('',(-1.,0.,0.));
#3626=DIRECTION('',(0.,0.,-1.));
#3627=DIRECTION('',(0.,0.,-1.));
#3628=DIRECTION('',(-1.,0.,0.));
#3629=DIRECTION('',(0.,0.,1.));
#3630=DIRECTION('',(0.,0.,1.));
#3631=DIRECTION('',(0.,-1.,0.));
#3632=DIRECTION('',(0.,0.,-1.));
#3633=DIRECTION('',(0.,0.,-1.));
#3634=DIRECTION('',(1.,0.,0.));
#3635=DIRECTION('',(0.,0.,-1.));
#3636=DIRECTION('',(-1.,0.,0.));
#3637=DIRECTION('',(0.,0.,1.));
#3638=DIRECTION('',(0.,0.,1.));
#3639=DIRECTION('',(-1.,0.,0.));
#3640=DIRECTION('',(0.,0.,-1.));
#3641=DIRECTION('',(0.,0.,-1.));
#3642=DIRECTION('',(0.,-1.,0.));
#3643=DIRECTION('',(0.,-1.,0.));
#3644=DIRECTION('',(0.,0.,-1.));
#3645=DIRECTION('',(1.,0.,0.));
#3646=DIRECTION('',(1.,0.,0.));
#3647=DIRECTION('',(0.,0.,-1.));
#3648=DIRECTION('',(-1.,0.,0.));
#3649=DIRECTION('',(0.,1.,0.));
#3650=DIRECTION('',(0.,-1.,0.));
#3651=DIRECTION('',(0.,1.,0.));
#3652=DIRECTION('',(0.,0.,1.));
#3653=DIRECTION('',(-1.,0.,0.));
#3654=DIRECTION('',(0.,0.,-1.));
#3655=DIRECTION('',(-1.,0.,0.));
#3656=DIRECTION('',(0.,0.,1.));
#3657=DIRECTION('',(-1.,0.,0.));
#3658=DIRECTION('',(0.,0.,1.));
#3659=DIRECTION('',(-1.,0.,0.));
#3660=DIRECTION('',(0.,0.,1.));
#3661=DIRECTION('',(1.,0.,0.));
#3662=DIRECTION('',(1.,0.,0.));
#3663=DIRECTION('',(0.,1.,0.));
#3664=DIRECTION('',(0.,0.,-1.));
#3665=DIRECTION('',(-1.,0.,0.));
#3666=DIRECTION('',(0.,1.,0.));
#3667=DIRECTION('',(0.,-1.,0.));
#3668=DIRECTION('',(1.,0.,0.));
#3669=DIRECTION('',(0.,1.,0.));
#3670=DIRECTION('',(0.,0.,1.));
#3671=DIRECTION('',(-1.,0.,0.));
#3672=DIRECTION('',(-1.,0.,0.));
#3673=DIRECTION('',(0.,0.,1.));
#3674=DIRECTION('',(0.,-1.,0.));
#3675=DIRECTION('',(0.,1.,0.));
#3676=DIRECTION('',(0.,0.,1.));
#3677=DIRECTION('',(1.,0.,0.));
#3678=DIRECTION('',(0.,0.,-1.));
#3679=DIRECTION('',(0.,0.,-1.));
#3680=DIRECTION('',(1.,0.,0.));
#3681=DIRECTION('',(0.,0.,1.));
#3682=DIRECTION('',(1.,0.,0.));
#3683=DIRECTION('',(0.,0.,-1.));
#3684=DIRECTION('',(0.,-1.,0.));
#3685=DIRECTION('',(0.,0.,-1.));
#3686=DIRECTION('',(0.,1.,0.));
#3687=DIRECTION('',(0.,0.,1.));
#3688=DIRECTION('',(0.,-1.,0.));
#3689=DIRECTION('',(0.,0.,-1.));
#3690=DIRECTION('',(-1.,0.,0.));
#3691=DIRECTION('',(0.,0.,1.));
#3692=DIRECTION('',(-1.,0.,0.));
#3693=DIRECTION('',(0.,0.,-1.));
#3694=DIRECTION('',(1.,0.,0.));
#3695=DIRECTION('',(0.,-1.,0.));
#3696=DIRECTION('',(-1.,0.,0.));
#3697=DIRECTION('',(0.,1.,0.));
#3698=DIRECTION('',(0.,0.,1.));
#3699=DIRECTION('',(0.,0.,-1.));
#3700=DIRECTION('',(-1.,0.,0.));
#3701=DIRECTION('',(0.,0.,1.));
#3702=DIRECTION('',(-1.,0.,0.));
#3703=DIRECTION('',(0.,1.,0.));
#3704=DIRECTION('',(-1.,0.,0.));
#3705=DIRECTION('',(0.,0.,1.));
#3706=DIRECTION('',(0.,1.,0.));
#3707=DIRECTION('',(-1.829054709676E-13,0.,-1.));
#3708=DIRECTION('',(-1.176836406103E-13,-1.,2.762234885267E-13));
#3709=DIRECTION('',(-1.621278067707E-14,-1.,-6.062170166207E-14));
#3710=DIRECTION('',(0.,0.,1.));
#3711=DIRECTION('',(1.,0.,0.));
#3712=DIRECTION('',(-1.,0.,4.685589696329E-13));
#3713=DIRECTION('',(0.,-1.,0.));
#3714=DIRECTION('',(-1.,0.,-3.090002926712E-11));
#3715=DIRECTION('',(0.,-1.,0.));
#3716=DIRECTION('',(0.925483924013887,0.,0.378786887829895));
#3717=DIRECTION('',(0.378786887829895,0.,-0.925483924013887));
#3718=DIRECTION('',(-0.378786887830187,0.,0.925483924013768));
#3719=DIRECTION('',(0.,-1.,0.));
#3720=DIRECTION('',(0.378786887830187,0.,-0.925483924013768));
#3721=DIRECTION('',(0.,1.,0.));
#3722=DIRECTION('',(0.,0.,1.));
#3723=DIRECTION('',(0.,-1.,0.));
#3724=DIRECTION('',(0.916183096643203,0.,-0.400759944886301));
#3725=DIRECTION('',(0.,1.,0.));
#3726=DIRECTION('',(0.,1.,0.));
#3727=DIRECTION('',(0.92550035988531,0.,0.378746727843504));
#3728=DIRECTION('',(0.916165705225463,0.,-0.400799701308184));
#3729=DIRECTION('',(-0.400799701308184,0.,-0.916165705225463));
#3730=DIRECTION('',(0.400799701308305,0.,0.916165705225411));
#3731=DIRECTION('',(3.56069795870302E-07,0.999999999999605,8.13920107311804E-07));
#3732=DIRECTION('',(-0.400799701308305,0.,-0.916165705225411));
#3733=DIRECTION('',(1.,0.,0.));
#3734=DIRECTION('',(0.,0.,-1.));
#3735=DIRECTION('',(1.,0.,0.));
#3736=DIRECTION('',(0.,0.,-1.));
#3737=DIRECTION('',(0.,1.,0.));
#3738=DIRECTION('',(0.,0.,1.));
#3739=DIRECTION('',(-0.879238945546009,0.460153778530569,0.123277640872879));
#3740=DIRECTION('',(-0.476380626643111,-0.848955480494887,-0.228770825711699));
#3741=DIRECTION('',(0.,-1.,0.));
#3742=DIRECTION('',(-0.916165705223795,0.,0.400799701311998));
#3743=DIRECTION('',(0.,1.,0.));
#3744=DIRECTION('',(-0.995387360844539,0.,0.0959374893925338));
#3745=DIRECTION('',(-0.879240502472214,-0.460150918453764,0.123277212243653));
#3746=DIRECTION('',(-0.466865022375583,0.883788165451888,-0.0309116400314493));
#3747=DIRECTION('',(-1.,0.,0.));
#3748=DIRECTION('',(0.,9.92861008544825E-13,-1.));
#3749=DIRECTION('',(1.,0.,0.));
#3750=DIRECTION('',(0.,-0.996372795540879,-0.0850955480977382));
#3751=DIRECTION('',(-1.,-2.13296352331E-13,3.605008771792E-14));
#3752=DIRECTION('',(1.,-2.163005263072E-13,7.210017543575E-14));
#3753=DIRECTION('',(-1.,0.,0.));
#3754=DIRECTION('',(0.,0.,1.));
#3755=DIRECTION('',(0.,-1.,0.));
#3756=DIRECTION('',(0.,1.,0.));
#3757=DIRECTION('',(0.,0.,1.));
#3758=DIRECTION('',(0.,-1.,0.));
#3759=DIRECTION('',(-0.922663959967551,0.,0.385605001234421));
#3760=DIRECTION('',(0.,1.,0.));
#3761=DIRECTION('',(0.,1.,0.));
#3762=DIRECTION('',(-1.,0.,0.));
#3763=DIRECTION('',(0.,1.,0.));
#3764=DIRECTION('',(0.,0.,1.));
#3765=DIRECTION('',(0.,-1.,0.));
#3766=DIRECTION('',(0.,-1.,0.));
#3767=DIRECTION('',(0.922682308075828,0.,-0.385561095500912));
#3768=DIRECTION('',(0.,1.,0.));
#3769=DIRECTION('',(0.,1.,0.));
#3770=DIRECTION('',(0.929767218848742,0.,0.368147957694017));
#3771=DIRECTION('',(-0.922670627220076,0.,0.38558904764699));
#3772=DIRECTION('',(0.38558904764699,0.,0.922670627220075));
#3773=DIRECTION('',(0.38558904764699,0.,0.922670627220076));
#3774=DIRECTION('',(-0.38558904764699,0.,-0.922670627220076));
#3775=DIRECTION('',(0.,1.,0.));
#3776=DIRECTION('',(0.,0.,1.));
#3777=DIRECTION('',(0.368147957689804,0.,-0.92976721885041));
#3778=DIRECTION('',(-0.92976721885041,0.,-0.368147957689804));
#3779=DIRECTION('',(-0.368147957689804,0.,0.92976721885041));
#3780=DIRECTION('',(-0.368147957689804,0.,0.92976721885041));
#3781=DIRECTION('',(0.,1.,0.));
#3782=DIRECTION('',(0.,0.,1.));
#3783=DIRECTION('',(1.,0.,0.));
#3784=DIRECTION('',(0.,0.,1.));
#3785=DIRECTION('',(1.,0.,0.));
#3786=DIRECTION('',(0.,0.,-1.));
#3787=DIRECTION('',(0.,1.,0.));
#3788=DIRECTION('',(0.,1.,0.));
#3789=DIRECTION('',(0.,0.,-1.));
#3790=DIRECTION('',(-1.,0.,0.));
#3791=DIRECTION('',(0.,-1.,0.));
#3792=DIRECTION('',(-1.,0.,0.));
#3793=DIRECTION('',(0.,0.,1.));
#3794=DIRECTION('',(0.,-1.,0.));
#3795=DIRECTION('',(0.,0.,-1.));
#3796=DIRECTION('',(1.,0.,0.));
#3797=DIRECTION('',(0.,0.,1.));
#3798=DIRECTION('',(-1.,0.,0.));
#3799=DIRECTION('',(0.,0.,1.));
#3800=DIRECTION('',(-1.,0.,0.));
#3801=DIRECTION('',(-1.,0.,0.));
#3802=DIRECTION('',(0.,0.,1.));
#3803=DIRECTION('',(0.,1.,0.));
#3804=DIRECTION('',(0.,0.,1.));
#3805=DIRECTION('',(1.,0.,0.));
#3806=DIRECTION('',(0.,0.,-1.));
#3807=DIRECTION('',(0.,0.,1.));
#3808=DIRECTION('',(1.,0.,0.));
#3809=DIRECTION('',(-1.61422903263E-13,1.,6.062170166207E-14));
#3810=DIRECTION('',(1.,0.,0.));
#3811=DIRECTION('',(0.,0.,-1.));
#3812=DIRECTION('',(0.,0.,-1.));
#3813=DIRECTION('',(0.,0.,1.));
#3814=DIRECTION('',(1.,0.,0.));
#3815=DIRECTION('',(0.,0.,1.));
#3816=DIRECTION('',(0.,1.,0.));
#3817=DIRECTION('',(0.,0.,1.));
#3818=DIRECTION('',(1.,0.,0.));
#3819=DIRECTION('',(0.,0.,1.));
#3820=DIRECTION('',(1.,0.,0.));
#3821=DIRECTION('',(0.,0.,1.));
#3822=DIRECTION('',(1.,0.,0.));
#3823=CARTESIAN_POINT('',(0.,0.,0.));
#3824=CARTESIAN_POINT('',(-0.002558512678475,0.00242,-0.004800572763291));
#3825=CARTESIAN_POINT('',(-0.00225,0.00242,-0.004742060084816));
#3826=CARTESIAN_POINT('',(-0.00225,0.00242,-0.004742060084816));
#3827=CARTESIAN_POINT('',(-0.00225,0.00242,-0.001790376417467));
#3828=CARTESIAN_POINT('',(-0.0025,0.00242,-0.004742060084816));
#3829=CARTESIAN_POINT('',(-0.00275,0.00242,-0.004742060084816));
#3830=CARTESIAN_POINT('',(-0.00275,0.00242,-0.001790376417467));
#3831=CARTESIAN_POINT('',(-0.00275,0.00242,-0.001790376417467));
#3832=CARTESIAN_POINT('',(-0.00275,0.00242,-0.001790376417467));
#3833=CARTESIAN_POINT('',(-0.00275,0.00212,-0.004800572763291));
#3834=CARTESIAN_POINT('',(-0.00275,0.00212,-0.004742060084816));
#3835=CARTESIAN_POINT('',(-0.00275,0.00212,-0.004742060084816));
#3836=CARTESIAN_POINT('',(-0.00275,0.00212,-0.001790376417467));
#3837=CARTESIAN_POINT('',(-0.00275,0.00212,-0.001790376417467));
#3838=CARTESIAN_POINT('',(-0.00275,0.00212,-0.001790376417467));
#3839=CARTESIAN_POINT('',(0.,0.0039,-0.001790376417467));
#3840=CARTESIAN_POINT('',(-0.00225,0.00242,-0.001790376417467));
#3841=CARTESIAN_POINT('',(-0.00225,0.00212,-0.001790376417467));
#3842=CARTESIAN_POINT('',(-0.00275,0.00212,-0.001790376417467));
#3843=CARTESIAN_POINT('',(-0.00225,0.00212,-0.004817417500775));
#3844=CARTESIAN_POINT('',(-0.00225,0.00212,-0.004742060084816));
#3845=CARTESIAN_POINT('',(-0.00225,0.00212,-0.004742060084816));
#3846=CARTESIAN_POINT('',(-0.00225,0.00242,-0.004742060084816));
#3847=CARTESIAN_POINT('',(-0.0025,0.00212,-0.004742060084816));
#3848=CARTESIAN_POINT('',(-0.0025,0.00212,-0.004742060084816));
#3849=CARTESIAN_POINT('',(-0.002558512678475,0.00212,-0.004800572763291));
#3850=CARTESIAN_POINT('',(0.,0.,0.));
#3851=CARTESIAN_POINT('',(0.00275,0.00212,-0.004800572763291));
#3852=CARTESIAN_POINT('',(0.00275,0.00212,-0.004742060084816));
#3853=CARTESIAN_POINT('',(0.00275,0.00212,-0.004742060084816));
#3854=CARTESIAN_POINT('',(0.00275,0.00212,-0.001790376417467));
#3855=CARTESIAN_POINT('',(0.00275,0.00242,-0.004742060084816));
#3856=CARTESIAN_POINT('',(0.00275,0.00242,-0.004742060084816));
#3857=CARTESIAN_POINT('',(0.00275,0.00242,-0.004742060084816));
#3858=CARTESIAN_POINT('',(0.00275,0.00242,-0.001790376417467));
#3859=CARTESIAN_POINT('',(0.00275,0.00242,-0.001790376417467));
#3860=CARTESIAN_POINT('',(0.,0.0039,-0.001790376417467));
#3861=CARTESIAN_POINT('',(0.00225,0.00242,-0.001790376417467));
#3862=CARTESIAN_POINT('',(0.00225,0.00242,-0.001790376417467));
#3863=CARTESIAN_POINT('',(0.00225,0.00212,-0.001790376417467));
#3864=CARTESIAN_POINT('',(0.00225,0.00212,-0.001790376417467));
#3865=CARTESIAN_POINT('',(0.00225,0.00212,-0.001790376417467));
#3866=CARTESIAN_POINT('',(0.00225,0.00212,-0.004817417500775));
#3867=CARTESIAN_POINT('',(0.00225,0.00242,-0.001790376417467));
#3868=CARTESIAN_POINT('',(0.00225,0.00242,-0.004742060084816));
#3869=CARTESIAN_POINT('',(0.00225,0.00212,-0.004742060084816));
#3870=CARTESIAN_POINT('',(0.00225,0.00212,-0.004742060084816));
#3871=CARTESIAN_POINT('',(0.00225,0.00212,-0.001790376417467));
#3872=CARTESIAN_POINT('',(0.002424642584041,0.00212,-0.004817417500775));
#3873=CARTESIAN_POINT('',(0.0025,0.00212,-0.004742060084816));
#3874=CARTESIAN_POINT('',(0.0025,0.00212,-0.004742060084816));
#3875=CARTESIAN_POINT('',(0.0025,0.00242,-0.004742060084816));
#3876=CARTESIAN_POINT('',(0.002424642584041,0.00242,-0.004817417500775));
#3877=CARTESIAN_POINT('',(0.,0.,0.));
#3878=CARTESIAN_POINT('',(0.001301594247556,-0.00145,-0.000547810122889));
#3879=CARTESIAN_POINT('',(-0.001317693800291,-0.00145,-0.00060298529773));
#3880=CARTESIAN_POINT('',(-0.001390828740815,-0.00145,-0.0006029852977296));
#3881=CARTESIAN_POINT('',(-0.001317693800297,-0.00145,-0.0006761202382539));
#3882=CARTESIAN_POINT('',(0.001301594247557,-0.00145,-0.0006761202382532));
#3883=CARTESIAN_POINT('',(0.001301594247557,-0.00145,-0.0006761202382532));
#3884=CARTESIAN_POINT('',(0.001301594247556,-0.00145,-0.000586885744994));
#3885=CARTESIAN_POINT('',(0.001390828740816,-0.00145,-0.0005868857449983));
#3886=CARTESIAN_POINT('',(0.001390828740815,-0.00145,0.0005868857449961));
#3887=CARTESIAN_POINT('',(0.001390828740815,-0.00145,0.0005868857449961));
#3888=CARTESIAN_POINT('',(0.001253834724063,-0.00145,0.000586885744994));
#3889=CARTESIAN_POINT('',(0.001253834724063,-0.00145,0.000723879761747));
#3890=CARTESIAN_POINT('',(-0.001242576573744,-0.00145,0.0007238797617467));
#3891=CARTESIAN_POINT('',(-0.001242576573744,-0.00145,0.0007238797617467));
#3892=CARTESIAN_POINT('',(-0.001242576573746,-0.00145,0.000575627594677));
#3893=CARTESIAN_POINT('',(-0.001390828740815,-0.00145,0.000575627594677));
#3894=CARTESIAN_POINT('',(-0.001390828740815,-0.00145,-0.0006029852977299));
#3895=CARTESIAN_POINT('',(-0.001317693800291,-0.0014,-0.00060298529773));
#3896=CARTESIAN_POINT('',(-0.001390828740815,-0.0014,-0.00060298529773));
#3897=CARTESIAN_POINT('',(-0.001440828740815,-0.0014,-0.00060298529773));
#3898=CARTESIAN_POINT('',(-0.001317693800291,-0.0014,-0.00060298529773));
#3899=CARTESIAN_POINT('',(-0.001317693800291,-0.0014,-0.0007261202382539));
#3900=CARTESIAN_POINT('',(-0.001317693800291,-0.0014,-0.0006761202382539));
#3901=CARTESIAN_POINT('',(0.001301594247556,-0.0014,-0.000676120238253));
#3902=CARTESIAN_POINT('',(-0.001317693800291,-0.0014,-0.0007261202382535));
#3903=CARTESIAN_POINT('',(0.001301594247556,-0.0014,-0.0007261202382534));
#3904=CARTESIAN_POINT('',(0.001301594247556,-0.0014,-0.0006761202382537));
#3905=CARTESIAN_POINT('',(0.001301594247556,-0.0014,-0.000586885744994));
#3906=CARTESIAN_POINT('',(0.001390828740816,-0.0014,-0.000586885744994));
#3907=CARTESIAN_POINT('',(0.001440828740816,-0.0014,-0.000586885744994));
#3908=CARTESIAN_POINT('',(0.001301594247556,-0.0014,-0.000586885744994));
#3909=CARTESIAN_POINT('',(0.001390828740815,-0.0014,-0.000547810122889));
#3910=CARTESIAN_POINT('',(0.001390828740816,-0.0014,0.000586885744994));
#3911=CARTESIAN_POINT('',(0.001440828740816,-0.0014,0.000586885744994));
#3912=CARTESIAN_POINT('',(0.001440828740815,-0.0014,-0.000586885744994));
#3913=CARTESIAN_POINT('',(0.001253834724063,-0.0014,0.000586885744994));
#3914=CARTESIAN_POINT('',(0.001253834724063,-0.0014,0.000723879761747));
#3915=CARTESIAN_POINT('',(0.001253834724063,-0.0014,0.000773879761747));
#3916=CARTESIAN_POINT('',(0.001253834724063,-0.0014,0.000586885744994));
#3917=CARTESIAN_POINT('',(0.001301594247556,-0.0014,0.000723879761747));
#3918=CARTESIAN_POINT('',(0.001253834724063,-0.0014,0.000773879761747));
#3919=CARTESIAN_POINT('',(-0.001242576573746,-0.0014,0.0007738797617465));
#3920=CARTESIAN_POINT('',(-0.001242576573746,-0.0014,0.000723879761746));
#3921=CARTESIAN_POINT('',(-0.001242576573746,-0.0014,0.000575627594677));
#3922=CARTESIAN_POINT('',(-0.001242576573746,-0.0014,0.000575627594677));
#3923=CARTESIAN_POINT('',(-0.001440828740815,-0.0014,0.000575627594677));
#3924=CARTESIAN_POINT('',(-0.001390828740815,-0.0014,0.000575627594677));
#3925=CARTESIAN_POINT('',(-0.001390828740815,-0.0014,-0.000547810122889));
#3926=CARTESIAN_POINT('',(-0.001440828740815,-0.0014,0.000575627594677));
#3927=CARTESIAN_POINT('',(-0.001440828740815,-0.001393498840634,0.000536551972572));
#3928=CARTESIAN_POINT('',(-0.001440828740815,-0.0014,-0.00060298529773));
#3929=CARTESIAN_POINT('',(-0.001440828740815,0.0003,-0.00060298529773));
#3930=CARTESIAN_POINT('',(-0.001440828740815,0.0003,0.000575627594677));
#3931=CARTESIAN_POINT('',(-0.001440828740815,0.0003,0.000575627594677));
#3932=CARTESIAN_POINT('',(-0.001440828740815,0.0003,-0.00060298529773));
#3933=CARTESIAN_POINT('',(-0.001242576573746,-0.001393498840634,0.000575627594677));
#3934=CARTESIAN_POINT('',(-0.001242576573746,-0.0014,0.0007738797617465));
#3935=CARTESIAN_POINT('',(-0.00124257657374475,0.0003,0.000773879761746683));
#3936=CARTESIAN_POINT('',(-0.001242576573746,0.0003,0.000575627594677));
#3937=CARTESIAN_POINT('',(0.001253834724063,-0.001393498840634,0.000773879761747));
#3938=CARTESIAN_POINT('',(0.001253834724063,0.0003,0.000773879761747));
#3939=CARTESIAN_POINT('',(0.00125383472406298,0.0003,0.000773879761747022));
#3940=CARTESIAN_POINT('',(-0.001242576573743,0.0003,0.0007738797617467));
#3941=CARTESIAN_POINT('',(0.001253834724063,-0.001393498840634,0.000586885744994));
#3942=CARTESIAN_POINT('',(0.001440828740816,-0.0014,0.000586885744994));
#3943=CARTESIAN_POINT('',(0.00144082874081542,0.0003,0.000586885744995263));
#3944=CARTESIAN_POINT('',(0.001253834724063,0.0003,0.000586885744994));
#3945=CARTESIAN_POINT('',(0.001440828740815,-0.001393498840634,-0.000547810122889));
#3946=CARTESIAN_POINT('',(0.001440828740815,0.0003,-0.0005868857449961));
#3947=CARTESIAN_POINT('',(0.001440828740815,0.0003,-0.0005868857449947));
#3948=CARTESIAN_POINT('',(0.001440828740815,0.0003,0.0005868857449965));
#3949=CARTESIAN_POINT('',(0.001301594247556,-0.001393498840634,-0.000586885744994));
#3950=CARTESIAN_POINT('',(0.001301594247556,-0.0014,-0.0007261202382534));
#3951=CARTESIAN_POINT('',(0.00130159424755705,0.0003,-0.000726120238253307));
#3952=CARTESIAN_POINT('',(0.001301594247556,0.0003,-0.000586885744994));
#3953=CARTESIAN_POINT('',(-0.001317693800291,-0.001393498840634,-0.000726120238253));
#3954=CARTESIAN_POINT('',(-0.001317693800293,0.0003,-0.0007261202382533));
#3955=CARTESIAN_POINT('',(-0.00131769380029167,0.0003,-0.0007261202382533));
#3956=CARTESIAN_POINT('',(0.001301594247558,0.0003,-0.0007261202382533));
#3957=CARTESIAN_POINT('',(-0.001317693800291,-0.001393498840634,-0.00060298529773));
#3958=CARTESIAN_POINT('',(-0.001317693800291,0.0003,-0.00060298529773));
#3959=CARTESIAN_POINT('',(0.,0.0003,-0.001790376417467));
#3960=CARTESIAN_POINT('',(-0.001317693800294,0.0003,-0.0007761202382533));
#3961=CARTESIAN_POINT('',(-0.001317693800292,0.0003,-0.0007761202382533));
#3962=CARTESIAN_POINT('',(0.0013015942475575,0.0003,-0.0007761202382533));
#3963=CARTESIAN_POINT('',(0.001301594247556,0.0003,-0.000586885744994));
#3964=CARTESIAN_POINT('',(0.001490828740815,0.0003,-0.000586885744994833));
#3965=CARTESIAN_POINT('',(0.001490828740815,0.0003,-0.0005868857449965));
#3966=CARTESIAN_POINT('',(0.001490828740815,0.0003,0.000586885744994833));
#3967=CARTESIAN_POINT('',(0.001253834724063,0.0003,0.000586885744994));
#3968=CARTESIAN_POINT('',(0.00125383472406298,0.0003,0.000823879761747));
#3969=CARTESIAN_POINT('',(0.001253834724063,0.0003,0.000823879761747));
#3970=CARTESIAN_POINT('',(-0.00124257657374502,0.0003,0.000823879761746679));
#3971=CARTESIAN_POINT('',(-0.001242576573746,0.0003,0.000575627594677));
#3972=CARTESIAN_POINT('',(-0.001490828740815,0.0003,0.000575627594677));
#3973=CARTESIAN_POINT('',(-0.001490828740815,0.0003,0.000575627594677));
#3974=CARTESIAN_POINT('',(-0.001490828740815,0.0003,-0.00060298529773));
#3975=CARTESIAN_POINT('',(-0.001317693800291,0.0003,-0.00060298529773));
#3976=CARTESIAN_POINT('',(0.001490828740815,0.0003,0.000547810122889));
#3977=CARTESIAN_POINT('',(0.001490828740815,0.,-0.0005868857449965));
#3978=CARTESIAN_POINT('',(0.001490828740816,0.,-0.0005868857450016));
#3979=CARTESIAN_POINT('',(0.001490828740816,0.,0.0005868857450016));
#3980=CARTESIAN_POINT('',(0.001490828740815,0.,0.0005868857449965));
#3981=CARTESIAN_POINT('',(0.001490828740815,0.0003,-0.0005868857449965));
#3982=CARTESIAN_POINT('',(0.001253834724063,0.0003,0.000586885744994));
#3983=CARTESIAN_POINT('',(0.001253834724063,0.,0.000586885744994));
#3984=CARTESIAN_POINT('',(0.001253834724063,0.,0.000823879761747));
#3985=CARTESIAN_POINT('',(0.001253834724063,0.0003,0.000823879761747));
#3986=CARTESIAN_POINT('',(-0.001242576573746,0.0003,0.000823879761747));
#3987=CARTESIAN_POINT('',(0.001253834724063,0.,0.000823879761747));
#3988=CARTESIAN_POINT('',(-0.001242576573738,0.,0.000823879761746));
#3989=CARTESIAN_POINT('',(-0.001242576573743,0.,0.0008238797617467));
#3990=CARTESIAN_POINT('',(-0.001242576573746,0.0003,0.000575627594677));
#3991=CARTESIAN_POINT('',(-0.001242576573746,0.,0.000575627594677));
#3992=CARTESIAN_POINT('',(-0.001490828740815,0.,0.000575627594677));
#3993=CARTESIAN_POINT('',(-0.001490828740815,0.0003,0.000575627594677));
#3994=CARTESIAN_POINT('',(-0.001490828740815,0.0003,-0.000563909675624));
#3995=CARTESIAN_POINT('',(-0.001490828740815,0.,0.000575627594677));
#3996=CARTESIAN_POINT('',(-0.001490828740815,0.,-0.00060298529773));
#3997=CARTESIAN_POINT('',(-0.001490828740815,0.,-0.00060298529773));
#3998=CARTESIAN_POINT('',(-0.001317693800291,0.0003,-0.00060298529773));
#3999=CARTESIAN_POINT('',(-0.001317693800291,0.,-0.00060298529773));
#4000=CARTESIAN_POINT('',(-0.001317693800294,0.,-0.0007761202382533));
#4001=CARTESIAN_POINT('',(-0.001317693800294,0.0003,-0.0007761202382533));
#4002=CARTESIAN_POINT('',(0.001301594247556,0.0003,-0.000776120238253));
#4003=CARTESIAN_POINT('',(-0.001317693800294,0.,-0.0007761202382533));
#4004=CARTESIAN_POINT('',(0.001301594247564,0.,-0.000776120238254));
#4005=CARTESIAN_POINT('',(0.001301594247559,0.,-0.0007761202382533));
#4006=CARTESIAN_POINT('',(0.001301594247556,0.0003,-0.000586885744994));
#4007=CARTESIAN_POINT('',(0.001301594247556,0.,-0.000586885744994));
#4008=CARTESIAN_POINT('',(-0.002865335131962,-0.0002,-0.001017918174301));
#4009=CARTESIAN_POINT('',(0.002304737138389,-0.0002,0.0009888770605333));
#4010=CARTESIAN_POINT('',(0.00230473713839209,-0.0002,0.000988877060533533));
#4011=CARTESIAN_POINT('',(0.002799344324917,-0.0002,0.000988877060532995));
#4012=CARTESIAN_POINT('',(0.002304737138392,-0.0002,0.000802216948615));
#4013=CARTESIAN_POINT('',(0.002118077026473,-0.0002,0.000802216948615));
#4014=CARTESIAN_POINT('',(0.002118077026473,-0.0002,-0.000765267255337));
#4015=CARTESIAN_POINT('',(0.002118077026473,-0.0002,-0.000765267255337));
#4016=CARTESIAN_POINT('',(0.002304737138392,-0.0002,-0.000765267255337));
#4017=CARTESIAN_POINT('',(0.002304737138392,-0.0002,-0.000951927367256));
#4018=CARTESIAN_POINT('',(0.002799344324917,-0.0002,-0.000951927367256));
#4019=CARTESIAN_POINT('',(0.002799344324917,-0.0002,-0.000951927367256));
#4020=CARTESIAN_POINT('',(0.002799344324917,-0.0002,0.000988877060533));
#4021=CARTESIAN_POINT('',(-0.002849336679584,-5.E-05,0.000988877060533));
#4022=CARTESIAN_POINT('',(0.002799344324917,-0.0002,0.000988877060533));
#4023=CARTESIAN_POINT('',(0.00283387425295409,-0.0002,0.00109201828025083));
#4024=CARTESIAN_POINT('',(0.00284941189205625,-0.000124365457096537,0.001138877060533));
#4025=CARTESIAN_POINT('',(0.00284933667958566,-4.99999999999994E-05,0.001138877060533));
#4026=CARTESIAN_POINT('',(0.00284933667958432,-5.00000000001323E-05,0.00113887706053297));
#4027=CARTESIAN_POINT('',(0.002849336679584,-5.E-05,0.001138877060533));
#4028=CARTESIAN_POINT('',(0.002304737138392,-5.E-05,0.00113887706053362));
#4029=CARTESIAN_POINT('',(0.002304737138392,-5.E-05,0.000988877060534));
#4030=CARTESIAN_POINT('',(0.002304737138392,-5.E-05,0.000802216948615));
#4031=CARTESIAN_POINT('',(0.002118077026473,-5.E-05,0.000802216948615));
#4032=CARTESIAN_POINT('',(0.001968077026473,-5.E-05,0.000802216948615));
#4033=CARTESIAN_POINT('',(0.002304737138392,-5.E-05,0.000802216948615));
#4034=CARTESIAN_POINT('',(0.002118077026473,-5.E-05,-0.000765267255337));
#4035=CARTESIAN_POINT('',(0.002118077026473,-5.E-05,-0.000765267255337));
#4036=CARTESIAN_POINT('',(0.001968077026473,-5.E-05,-0.000765267255337));
#4037=CARTESIAN_POINT('',(0.001968077026473,-5.E-05,0.000802216948615));
#4038=CARTESIAN_POINT('',(0.002304737138392,-5.E-05,-0.000765267255337));
#4039=CARTESIAN_POINT('',(0.002304737138392,-5.E-05,-0.000951927367256));
#4040=CARTESIAN_POINT('',(0.002304737138392,-5.E-05,-0.001101927367256));
#4041=CARTESIAN_POINT('',(0.002304737138392,-5.E-05,-0.000765267255337));
#4042=CARTESIAN_POINT('',(-0.002304737138392,-5.E-05,-0.000951927367256));
#4043=CARTESIAN_POINT('',(0.00286533513196441,-4.99999999999994E-05,-0.001101927367256));
#4044=CARTESIAN_POINT('',(0.00286552009584177,-0.000124478737455417,-0.001101927367256));
#4045=CARTESIAN_POINT('',(0.00284491459416069,-0.0002,-0.00105458099940949));
#4046=CARTESIAN_POINT('',(0.002799344324917,-0.0002,-0.000951927367256));
#4047=CARTESIAN_POINT('',(0.00286533513196248,-5.00000000001241E-05,-0.0011019273672559));
#4048=CARTESIAN_POINT('',(0.002304737138392,-5.E-05,-0.001101927367256));
#4049=CARTESIAN_POINT('',(0.002799344324917,-0.0002,-0.000951927367256));
#4050=CARTESIAN_POINT('',(0.002799344324917,-0.0002,-0.000951927367256));
#4051=CARTESIAN_POINT('',(0.002799344324917,-0.0002,-0.000951927367256));
#4052=CARTESIAN_POINT('',(0.002799344324917,-0.0002,-0.000951927367256));
#4053=CARTESIAN_POINT('',(0.00281648936822548,-0.000200000000150378,-0.000991330740290492));
#4054=CARTESIAN_POINT('',(0.00282390905912966,-0.000200000000148757,-0.000983911545220704));
#4055=CARTESIAN_POINT('',(0.00283132850288168,-0.000200000000147134,-0.000976492101468838));
#4056=CARTESIAN_POINT('',(0.00283874769795146,-0.000200000000145511,-0.000969072410564538));
#4057=CARTESIAN_POINT('',(0.00285059386875562,-0.000167277091466964,-0.00106967417308508));
#4058=CARTESIAN_POINT('',(0.00287764433745318,-0.000180730449840036,-0.00105439509749347));
#4059=CARTESIAN_POINT('',(0.00290181205515472,-0.000180730449839868,-0.00103022737979169));
#4060=CARTESIAN_POINT('',(0.00291709113074612,-0.000167277091466696,-0.00100317691109386));
#4061=CARTESIAN_POINT('',(0.00286462354105571,-8.90857682224171E-05,-0.00110192435733112));
#4062=CARTESIAN_POINT('',(0.00291449655986304,-0.000102257771061661,-0.00110234654667163));
#4063=CARTESIAN_POINT('',(0.00294976350433339,-0.000102257771061584,-0.00106707960220136));
#4064=CARTESIAN_POINT('',(0.00294934131499215,-8.90857682222759E-05,-0.00101720658339442));
#4065=CARTESIAN_POINT('',(0.00286462355360897,-4.99999999992378E-05,-0.0011019243535806));
#4066=CARTESIAN_POINT('',(0.00291449679358095,-4.99999999990145E-05,-0.00110234680724103));
#4067=CARTESIAN_POINT('',(0.00294976376490271,-4.99999999990095E-05,-0.00106707983591959));
#4068=CARTESIAN_POINT('',(0.00294934131124175,-4.99999999992323E-05,-0.00101720659594759));
#4069=CARTESIAN_POINT('',(0.002799344324917,-0.0002,-0.000951927367256));
#4070=CARTESIAN_POINT('',(0.00289602410428368,-0.0002,-0.00099590860714098));
#4071=CARTESIAN_POINT('',(0.002949344324917,-0.000121457027584319,-0.00101810098817573));
#4072=CARTESIAN_POINT('',(0.002949344324917,-4.99999999999994E-05,-0.001017918174301));
#4073=CARTESIAN_POINT('',(0.002949344324917,-5.E-05,-0.001017918174301));
#4074=CARTESIAN_POINT('',(0.002865335131962,-5.E-05,-0.001017918174301));
#4075=CARTESIAN_POINT('',(0.002799344324917,-5.E-05,0.0010388694152));
#4076=CARTESIAN_POINT('',(0.002949344324917,-5.E-05,-0.001017918174301));
#4077=CARTESIAN_POINT('',(0.002949344324917,-5.E-05,0.0010388694152));
#4078=CARTESIAN_POINT('',(0.002949344324917,-4.99999999999994E-05,0.0010388694152));
#4079=CARTESIAN_POINT('',(0.002949344324917,-0.000122604916373146,0.00103893926194688));
#4080=CARTESIAN_POINT('',(0.00289467830681952,-0.0002,0.00102172639655746));
#4081=CARTESIAN_POINT('',(0.002799344324917,-0.0002,0.000988877060533));
#4082=CARTESIAN_POINT('',(0.002799344324917,-0.0002,0.000988877060533));
#4083=CARTESIAN_POINT('',(0.002799344324917,-0.0002,0.000988877060533));
#4084=CARTESIAN_POINT('',(0.002799344324917,-0.0002,0.000988877060533));
#4085=CARTESIAN_POINT('',(0.002799344324917,-0.0002,0.000988877060533));
#4086=CARTESIAN_POINT('',(0.0028387739537138,-0.000199999997605641,0.00100180879897347));
#4087=CARTESIAN_POINT('',(0.00282994132791315,-0.000199999997627384,0.00101064143201424));
#4088=CARTESIAN_POINT('',(0.00282110869639769,-0.000199999997649127,0.00101947406352987));
#4089=CARTESIAN_POINT('',(0.00281227606335596,-0.000199999997670871,0.00102830668933108));
#4090=CARTESIAN_POINT('',(0.00291715622395784,-0.000167215140277817,0.0010275285441656));
#4091=CARTESIAN_POINT('',(0.00289786209778231,-0.000184414477130894,0.00105862481398069));
#4092=CARTESIAN_POINT('',(0.00286909207836376,-0.000184414477131474,0.00108739483339961));
#4093=CARTESIAN_POINT('',(0.00283799580854949,-0.000167215140279325,0.00110668895957495));
#4094=CARTESIAN_POINT('',(0.00294934074822332,-8.90522767473265E-05,0.00103802230740034));
#4095=CARTESIAN_POINT('',(0.00294984288471972,-0.000104738556340805,0.00109739259520174));
#4096=CARTESIAN_POINT('',(0.00290785985958429,-0.000104738556340752,0.0011393756203368));
#4097=CARTESIAN_POINT('',(0.0028484895717836,-8.90522767472415E-05,0.00113887348383886));
#4098=CARTESIAN_POINT('',(0.00294934073732723,-5.00000000005098E-05,0.00103802232605257));
#4099=CARTESIAN_POINT('',(0.00294984364176433,-5.00000000001845E-05,0.00109739327248571));
#4100=CARTESIAN_POINT('',(0.00290786053686892,-5.00000000001821E-05,0.00113937637738074));
#4101=CARTESIAN_POINT('',(0.00284848959043632,-5.00000000005102E-05,0.00113887347294264));
#4102=CARTESIAN_POINT('',(0.002849336679584,-5.E-05,0.0010388694152));
#4103=CARTESIAN_POINT('',(0.002849336679584,-0.0001,0.0010388694152));
#4104=CARTESIAN_POINT('',(0.002849336679584,0.,0.001138877060533));
#4105=CARTESIAN_POINT('',(0.00284933667958404,0.,0.001138877060533));
#4106=CARTESIAN_POINT('',(0.002949344324917,-5.E-05,0.0010388694152));
#4107=CARTESIAN_POINT('',(0.002949344324917,0.,0.0010388694152));
#4108=CARTESIAN_POINT('',(0.002849336679584,0.,0.0010388694152));
#4109=CARTESIAN_POINT('',(0.002949344324917,-0.0001,0.0010388694152));
#4110=CARTESIAN_POINT('',(0.002949344324917,0.,-0.001017918174301));
#4111=CARTESIAN_POINT('',(0.002949344324917,0.,-0.001017918174301));
#4112=CARTESIAN_POINT('',(0.002949344324917,0.,-0.001017918174301));
#4113=CARTESIAN_POINT('',(0.002865335131962,-0.0001,-0.001017918174301));
#4114=CARTESIAN_POINT('',(0.002865335131962,-5.E-05,-0.001101927367256));
#4115=CARTESIAN_POINT('',(0.00286533513196174,0.,-0.00110192736725586));
#4116=CARTESIAN_POINT('',(0.002865335131962,0.,-0.001017918174301));
#4117=CARTESIAN_POINT('',(-0.002304737138392,-0.0001,-0.001101927367256));
#4118=CARTESIAN_POINT('',(0.002304737138392,0.,-0.001101927367256));
#4119=CARTESIAN_POINT('',(0.00230473713839203,0.,-0.001101927367256));
#4120=CARTESIAN_POINT('',(0.002304737138392,0.,-0.001101927367256));
#4121=CARTESIAN_POINT('',(0.002304737138392,-0.0001,-0.000765267255337));
#4122=CARTESIAN_POINT('',(0.001968077026473,-5.E-05,-0.000765267255337));
#4123=CARTESIAN_POINT('',(0.001968077026473,0.,-0.000765267255337));
#4124=CARTESIAN_POINT('',(0.002304737138392,0.,-0.000765267255337));
#4125=CARTESIAN_POINT('',(0.001968077026473,-0.0001,-0.000765267255337));
#4126=CARTESIAN_POINT('',(0.001968077026473,0.,0.000802216948615));
#4127=CARTESIAN_POINT('',(0.001968077026473,0.,0.000802216948615));
#4128=CARTESIAN_POINT('',(0.001968077026473,0.,0.000802216948615));
#4129=CARTESIAN_POINT('',(0.002304737138392,-0.0001,0.000802216948615));
#4130=CARTESIAN_POINT('',(0.002304737138392,-5.E-05,0.001138877060533));
#4131=CARTESIAN_POINT('',(0.00230473713839084,0.,0.00113887706053367));
#4132=CARTESIAN_POINT('',(0.002304737138392,0.,0.000802216948615));
#4133=CARTESIAN_POINT('',(-0.002849336679584,-0.0001,0.001138877060533));
#4134=CARTESIAN_POINT('',(0.002849336679584,0.,0.001138877060533));
#4135=CARTESIAN_POINT('',(-0.002865335131962,-0.0002,-0.001017918174301));
#4136=CARTESIAN_POINT('',(-0.002799344324917,-0.0002,0.000988877060533));
#4137=CARTESIAN_POINT('',(-0.002799344324917,-0.0002,0.000988877060533));
#4138=CARTESIAN_POINT('',(-0.00230473713839209,-0.0002,0.00098887706053356));
#4139=CARTESIAN_POINT('',(-0.002799344324917,-0.0002,-0.000951927367256));
#4140=CARTESIAN_POINT('',(-0.002799344324917,-0.0002,-0.000951927367256));
#4141=CARTESIAN_POINT('',(-0.002304737138392,-0.0002,-0.000951927367256));
#4142=CARTESIAN_POINT('',(-0.002304737138392,-0.0002,-0.000951927367256));
#4143=CARTESIAN_POINT('',(-0.002304737138392,-0.0002,-0.000765267255337));
#4144=CARTESIAN_POINT('',(-0.002118077026473,-0.0002,-0.000765267255337));
#4145=CARTESIAN_POINT('',(-0.002118077026473,-0.0002,0.000802216948615));
#4146=CARTESIAN_POINT('',(-0.002118077026473,-0.0002,0.000802216948615));
#4147=CARTESIAN_POINT('',(-0.002304737138392,-0.0002,0.000802216948615));
#4148=CARTESIAN_POINT('',(-0.002799344324917,-5.E-05,-0.001017918174301));
#4149=CARTESIAN_POINT('',(-0.002949344324917,-4.99999999999994E-05,-0.001017918174301));
#4150=CARTESIAN_POINT('',(-0.002949344324917,-0.000121451408121729,-0.00101809561997127));
#4151=CARTESIAN_POINT('',(-0.00289613827191425,-0.0002,-0.000995952925872186));
#4152=CARTESIAN_POINT('',(-0.002799344324917,-0.0002,-0.000951927367256));
#4153=CARTESIAN_POINT('',(-0.002949344324917,-5.E-05,-0.001017918174301));
#4154=CARTESIAN_POINT('',(-0.002799344324917,-0.0002,0.000988877060533));
#4155=CARTESIAN_POINT('',(-0.00289457406380131,-0.0002,0.00102169300364729));
#4156=CARTESIAN_POINT('',(-0.002949344324917,-0.000122623469811192,0.00103894286584227));
#4157=CARTESIAN_POINT('',(-0.002949344324917,-4.99999999999994E-05,0.0010388694152));
#4158=CARTESIAN_POINT('',(-0.002949344324917,-5.E-05,0.0010388694152));
#4159=CARTESIAN_POINT('',(-0.002949344324917,-5.E-05,0.0010388694152));
#4160=CARTESIAN_POINT('',(-0.002799344324917,-0.0002,-0.000951927367256));
#4161=CARTESIAN_POINT('',(-0.002799344324917,-0.0002,-0.000951927367256));
#4162=CARTESIAN_POINT('',(-0.002799344324917,-0.0002,-0.000951927367256));
#4163=CARTESIAN_POINT('',(-0.002799344324917,-0.0002,-0.000951927367256));
#4164=CARTESIAN_POINT('',(-0.00283874769795155,-0.000200000000150378,-0.000969072410564616));
#4165=CARTESIAN_POINT('',(-0.00283132850288202,-0.000200000000148757,-0.000976492101468935));
#4166=CARTESIAN_POINT('',(-0.0028239090591297,-0.000200000000147134,-0.000983911545220797));
#4167=CARTESIAN_POINT('',(-0.00281648936822534,-0.000200000000145511,-0.000991330740290559));
#4168=CARTESIAN_POINT('',(-0.00291709113074608,-0.000167277091466965,-0.00100317691109422));
#4169=CARTESIAN_POINT('',(-0.00290181205515448,-0.000180730449840036,-0.00103022737979216));
#4170=CARTESIAN_POINT('',(-0.00287764433745267,-0.000180730449839868,-0.00105439509749372));
#4171=CARTESIAN_POINT('',(-0.00285059386875452,-0.000167277091466696,-0.00106967417308512));
#4172=CARTESIAN_POINT('',(-0.00294934131499212,-8.90857682224258E-05,-0.00101720658339469));
#4173=CARTESIAN_POINT('',(-0.00294976350433262,-0.000102257771061661,-0.00106707960220204));
#4174=CARTESIAN_POINT('',(-0.00291449655986236,-0.000102257771061575,-0.00110234654667239));
#4175=CARTESIAN_POINT('',(-0.0028646235410554,-8.90857682222744E-05,-0.00110192435733115));
#4176=CARTESIAN_POINT('',(-0.0029493413112416,-4.99999999992387E-05,-0.00101720659594797));
#4177=CARTESIAN_POINT('',(-0.00294976376490203,-4.9999999999014E-05,-0.00106707983591995));
#4178=CARTESIAN_POINT('',(-0.00291449679358059,-4.99999999990078E-05,-0.0011023468072417));
#4179=CARTESIAN_POINT('',(-0.00286462355360859,-4.99999999992318E-05,-0.00110192435358075));
#4180=CARTESIAN_POINT('',(-0.002865335131962,-5.E-05,-0.001017918174301));
#4181=CARTESIAN_POINT('',(-0.002865335131962,-5.E-05,-0.001101927367256));
#4182=CARTESIAN_POINT('',(-0.002799344324917,-0.0002,-0.000951927367256));
#4183=CARTESIAN_POINT('',(-0.00284332556480988,-0.0002,-0.00104860714664629));
#4184=CARTESIAN_POINT('',(-0.00286551794583673,-0.000121457027582723,-0.001101927367256));
#4185=CARTESIAN_POINT('',(-0.002865335131962,-4.99999999999994E-05,-0.001101927367256));
#4186=CARTESIAN_POINT('',(-0.002304737138392,-5.E-05,-0.000951927367256));
#4187=CARTESIAN_POINT('',(-0.002304737138392,-5.E-05,-0.000951927367256));
#4188=CARTESIAN_POINT('',(-0.002304737138392,-5.E-05,-0.001101927367256));
#4189=CARTESIAN_POINT('',(-0.002865335131962,-5.E-05,-0.001101927367256));
#4190=CARTESIAN_POINT('',(-0.002304737138392,-5.E-05,-0.000765267255337));
#4191=CARTESIAN_POINT('',(-0.002118077026473,-5.E-05,-0.000765267255337));
#4192=CARTESIAN_POINT('',(-0.001968077026473,-5.E-05,-0.000765267255337));
#4193=CARTESIAN_POINT('',(-0.002304737138392,-5.E-05,-0.000765267255337));
#4194=CARTESIAN_POINT('',(-0.002118077026473,-5.E-05,0.000802216948615));
#4195=CARTESIAN_POINT('',(-0.002118077026473,-5.E-05,0.000802216948615));
#4196=CARTESIAN_POINT('',(-0.001968077026473,-5.E-05,0.000802216948615));
#4197=CARTESIAN_POINT('',(-0.001968077026473,-5.E-05,-0.000765267255337));
#4198=CARTESIAN_POINT('',(-0.002304737138392,-5.E-05,0.000802216948615));
#4199=CARTESIAN_POINT('',(-0.002304737138392,-5.E-05,0.000802216948615));
#4200=CARTESIAN_POINT('',(-0.00230473713839188,-5.E-05,0.00113887706053379));
#4201=CARTESIAN_POINT('',(-0.002304737138392,-5.E-05,0.000988877060534));
#4202=CARTESIAN_POINT('',(-0.002849336679584,-5.E-05,0.000988877060533));
#4203=CARTESIAN_POINT('',(-0.002304737138392,-5.E-05,0.001138877060534));
#4204=CARTESIAN_POINT('',(-0.00284933667958438,-5.00000000001579E-05,0.00113887706053315));
#4205=CARTESIAN_POINT('',(-0.00284933667958592,-4.99999999999994E-05,0.001138877060533));
#4206=CARTESIAN_POINT('',(-0.00284940820116053,-0.000124345881171329,0.001138877060533));
#4207=CARTESIAN_POINT('',(-0.00283388133914038,-0.0002,0.00109206203748214));
#4208=CARTESIAN_POINT('',(-0.002799344324917,-0.0002,0.000988877060533));
#4209=CARTESIAN_POINT('',(-0.002799344324917,-0.0002,0.000988877060533));
#4210=CARTESIAN_POINT('',(-0.002799344324917,-0.0002,0.000988877060533));
#4211=CARTESIAN_POINT('',(-0.002799344324917,-0.0002,0.000988877060533));
#4212=CARTESIAN_POINT('',(-0.002799344324917,-0.0002,0.000988877060533));
#4213=CARTESIAN_POINT('',(-0.00281227606335621,-0.000199999997605641,0.00102830668933105));
#4214=CARTESIAN_POINT('',(-0.0028211086963978,-0.000199999997627384,0.00101947406352958));
#4215=CARTESIAN_POINT('',(-0.00282994132791344,-0.000199999997649127,0.00101064143201412));
#4216=CARTESIAN_POINT('',(-0.00283877395371384,-0.000199999997670871,0.0010018087989732));
#4217=CARTESIAN_POINT('',(-0.00283799580855012,-0.000167215140277861,0.0011066889595746));
#4218=CARTESIAN_POINT('',(-0.00286909207836427,-0.000184414477130981,0.00108739483339934));
#4219=CARTESIAN_POINT('',(-0.00289786209778255,-0.000184414477131502,0.00105862481398012));
#4220=CARTESIAN_POINT('',(-0.00291715622395816,-0.000167215140279287,0.00102752854416488));
#4221=CARTESIAN_POINT('',(-0.00284848957178422,-8.90522767473381E-05,0.00113887348383916));
#4222=CARTESIAN_POINT('',(-0.00290785985958521,-0.000104738556340869,0.00113937562033589));
#4223=CARTESIAN_POINT('',(-0.00294984288471977,-0.000104738556340753,0.00109739259520065));
#4224=CARTESIAN_POINT('',(-0.00294934074822287,-8.90522767471838E-05,0.0010380223073996));
#4225=CARTESIAN_POINT('',(-0.00284848959043656,-5.00000000005105E-05,0.00113887347294309));
#4226=CARTESIAN_POINT('',(-0.00290786053687008,-5.00000000001847E-05,0.0011393763773805));
#4227=CARTESIAN_POINT('',(-0.00294984364176456,-5.0000000000184E-05,0.00109739327248526));
#4228=CARTESIAN_POINT('',(-0.00294934073732676,-5.00000000005081E-05,0.00103802232605232));
#4229=CARTESIAN_POINT('',(-0.002849336679584,-5.E-05,0.0010388694152));
#4230=CARTESIAN_POINT('',(-0.002849336679584,-0.0001,0.0010388694152));
#4231=CARTESIAN_POINT('',(-0.002949344324917,0.,0.0010388694152));
#4232=CARTESIAN_POINT('',(-0.002949344324917,0.,0.0010388694152));
#4233=CARTESIAN_POINT('',(-0.002849336679584,-5.E-05,0.001138877060533));
#4234=CARTESIAN_POINT('',(-0.00284933667958406,0.,0.00113887706053277));
#4235=CARTESIAN_POINT('',(-0.002849336679584,0.,0.0010388694152));
#4236=CARTESIAN_POINT('',(-0.002849336679584,-0.0001,0.001138877060533));
#4237=CARTESIAN_POINT('',(-0.002304737138389,0.,0.001138877060533));
#4238=CARTESIAN_POINT('',(-0.00230473713839061,0.,0.0011388770605335));
#4239=CARTESIAN_POINT('',(-0.002304737138389,0.,0.001138877060533));
#4240=CARTESIAN_POINT('',(-0.002304737138392,-0.0001,0.000802216948615));
#4241=CARTESIAN_POINT('',(-0.001968077026473,-5.E-05,0.000802216948615));
#4242=CARTESIAN_POINT('',(-0.001968077026473,0.,0.000802216948615));
#4243=CARTESIAN_POINT('',(-0.002304737138392,0.,0.000802216948615));
#4244=CARTESIAN_POINT('',(-0.001968077026473,-0.0001,0.000802216948615));
#4245=CARTESIAN_POINT('',(-0.001968077026473,0.,-0.000765267255337));
#4246=CARTESIAN_POINT('',(-0.001968077026473,0.,-0.000765267255337));
#4247=CARTESIAN_POINT('',(-0.001968077026473,0.,-0.000765267255337));
#4248=CARTESIAN_POINT('',(-0.002304737138392,-0.0001,-0.000765267255337));
#4249=CARTESIAN_POINT('',(-0.002304737138392,-5.E-05,-0.001101927367256));
#4250=CARTESIAN_POINT('',(-0.002304737138392,0.,-0.001101927367256));
#4251=CARTESIAN_POINT('',(-0.002304737138392,0.,-0.000765267255337));
#4252=CARTESIAN_POINT('',(-0.002304737138392,-0.0001,-0.001101927367256));
#4253=CARTESIAN_POINT('',(-0.002865335131962,0.,-0.001101927367256));
#4254=CARTESIAN_POINT('',(-0.002865335131962,0.,-0.001101927367256));
#4255=CARTESIAN_POINT('',(-0.002865335131962,0.,-0.001101927367256));
#4256=CARTESIAN_POINT('',(-0.002865335131962,-0.0001,-0.001017918174301));
#4257=CARTESIAN_POINT('',(-0.002949344324917,-5.E-05,-0.001017918174301));
#4258=CARTESIAN_POINT('',(-0.002949344324917,0.,-0.001017918174301));
#4259=CARTESIAN_POINT('',(-0.002865335131962,0.,-0.001017918174301));
#4260=CARTESIAN_POINT('',(-0.002949344324917,-0.0001,-0.001017918174301));
#4261=CARTESIAN_POINT('',(-0.002949344324917,0.,0.0010388694152));
#4262=CARTESIAN_POINT('',(-0.003510125303858,0.,-0.000342060084816));
#4263=CARTESIAN_POINT('',(-0.003510125303858,0.00304522388803,-0.000311534223993));
#4264=CARTESIAN_POINT('',(-0.003510125303858,0.00304522388803,-0.000311534223993));
#4265=CARTESIAN_POINT('',(-0.003510125303858,0.00183130364276,-0.000311534223993));
#4266=CARTESIAN_POINT('',(-0.003510125303858,0.00183130364276,-0.000311534223993));
#4267=CARTESIAN_POINT('',(-0.003510125303858,0.00183130364276,0.000384249331222));
#4268=CARTESIAN_POINT('',(-0.003510125303858,0.00183130364276,0.000384249331222));
#4269=CARTESIAN_POINT('',(-0.003510125303858,0.00304522388803,0.000384249331222));
#4270=CARTESIAN_POINT('',(-0.003510125303858,0.00304522388803,0.000384249331222));
#4271=CARTESIAN_POINT('',(-0.003310125303858,0.00183130364276,0.000384249331222));
#4272=CARTESIAN_POINT('',(-0.00365,0.00183130364276,-0.000311534223993));
#4273=CARTESIAN_POINT('',(-0.00365,0.00183130364276,-0.000311534223993));
#4274=CARTESIAN_POINT('',(-0.00365,0.00183130364276,-0.000311534223993));
#4275=CARTESIAN_POINT('',(-0.00365,0.00183130364276,0.000384249331222));
#4276=CARTESIAN_POINT('',(-0.00365,0.00183130364276,0.000384249331222));
#4277=CARTESIAN_POINT('',(-0.003310125303858,0.00304522388803,0.000384249331222));
#4278=CARTESIAN_POINT('',(-0.00365,0.00183130364276,0.000384249331222));
#4279=CARTESIAN_POINT('',(-0.00365,0.00304522388803,0.000384249331222));
#4280=CARTESIAN_POINT('',(-0.00365,0.00304522388803,0.000384249331222));
#4281=CARTESIAN_POINT('',(-0.003310125303858,0.00304522388803,-0.000311534223993));
#4282=CARTESIAN_POINT('',(-0.00365,0.00304522388803,0.000384249331222));
#4283=CARTESIAN_POINT('',(-0.00365,0.00304522388803,-0.000311534223993));
#4284=CARTESIAN_POINT('',(-0.00365,0.00304522388803,-0.000311534223993));
#4285=CARTESIAN_POINT('',(-0.003310125303858,0.00183130364276,-0.000311534223993));
#4286=CARTESIAN_POINT('',(-0.00365,0.00304522388803,-0.000311534223993));
#4287=CARTESIAN_POINT('',(0.00088502195802,0.000351977458246,-0.001890376417467));
#4288=CARTESIAN_POINT('',(0.00078502195802,0.0003,-0.001890376417467));
#4289=CARTESIAN_POINT('',(0.00078502195802,0.0003,-0.001890376417467));
#4290=CARTESIAN_POINT('',(0.00078502195802,0.,-0.001890376417467));
#4291=CARTESIAN_POINT('',(0.00088502195802,0.0003,-0.001890376417467));
#4292=CARTESIAN_POINT('',(0.00088502195802,0.0003,-0.001790376417467));
#4293=CARTESIAN_POINT('',(0.00088502195802,0.,-0.001790376417467));
#4294=CARTESIAN_POINT('',(0.00088502195802,0.,-0.001790376417467));
#4295=CARTESIAN_POINT('',(0.00088502195802,0.,-0.001890376417467));
#4296=CARTESIAN_POINT('',(0.00078502195802,0.000351977458246,-0.001790376417467));
#4297=CARTESIAN_POINT('',(0.00078502195802,0.0003,-0.002492060084816));
#4298=CARTESIAN_POINT('',(0.00078502195802,0.0003,-0.002492060084816));
#4299=CARTESIAN_POINT('',(0.00078502195802,0.,-0.002492060084816));
#4300=CARTESIAN_POINT('',(0.00078502195802,0.,-0.002492060084816));
#4301=CARTESIAN_POINT('',(0.00078502195802,0.,-0.002492060084816));
#4302=CARTESIAN_POINT('',(-0.00354777342511,0.0059,-0.002492060084816));
#4303=CARTESIAN_POINT('',(-0.00078502195802,0.,-0.002492060084816));
#4304=CARTESIAN_POINT('',(-0.00078502195802,0.,-0.002492060084816));
#4305=CARTESIAN_POINT('',(-0.00078502195802,0.0003,-0.002492060084816));
#4306=CARTESIAN_POINT('',(-0.00078502195802,0.0003,-0.002492060084816));
#4307=CARTESIAN_POINT('',(-0.00078502195802,0.,-0.002492060084816));
#4308=CARTESIAN_POINT('',(-0.00078502195802,0.000351977458246,-0.001790376417467));
#4309=CARTESIAN_POINT('',(-0.00078502195802,0.,-0.001890376417467));
#4310=CARTESIAN_POINT('',(-0.00078502195802,0.,-0.001890376417467));
#4311=CARTESIAN_POINT('',(-0.00078502195802,0.,-0.001890376417467));
#4312=CARTESIAN_POINT('',(-0.00078502195802,0.0003,-0.001890376417467));
#4313=CARTESIAN_POINT('',(-0.00078502195802,0.0003,-0.001890376417467));
#4314=CARTESIAN_POINT('',(-0.00088502195802,0.0059,-0.001890376417467));
#4315=CARTESIAN_POINT('',(-0.00088502195802,0.0003,-0.001790376417467));
#4316=CARTESIAN_POINT('',(-0.00088502195802,0.0003,-0.001790376417467));
#4317=CARTESIAN_POINT('',(-0.00088502195802,0.,-0.001790376417467));
#4318=CARTESIAN_POINT('',(-0.00088502195802,0.0003,-0.001890376417467));
#4319=CARTESIAN_POINT('',(-0.00088502195802,0.,-0.001890376417467));
#4320=CARTESIAN_POINT('',(-0.004020523617619,0.00427,-0.003427827094456));
#4321=CARTESIAN_POINT('',(-0.00365,0.00527,-0.002492060084816));
#4322=CARTESIAN_POINT('',(-0.00365,0.00527,-0.002492060084816));
#4323=CARTESIAN_POINT('',(-0.00365,0.00427,-0.002492060084816));
#4324=CARTESIAN_POINT('',(-0.004020523617619,0.00527,-0.003427827094455));
#4325=CARTESIAN_POINT('',(-0.00402052361761914,0.00527,-0.00342782709445535));
#4326=CARTESIAN_POINT('',(-0.004020523617619,0.00427,-0.003427827094455));
#4327=CARTESIAN_POINT('',(-0.004020523617619,0.00427,-0.003427827094455));
#4328=CARTESIAN_POINT('',(-0.00365,0.00427,-0.002492060084816));
#4329=CARTESIAN_POINT('',(-0.003871293459051,0.00427,-0.003486915839454));
#4330=CARTESIAN_POINT('',(-0.004019384595428,0.00527,-0.003548803926664));
#4331=CARTESIAN_POINT('',(-0.0040193845954287,0.00527,-0.00354880392666216));
#4332=CARTESIAN_POINT('',(-0.004019384595425,0.00427,-0.00354880392667));
#4333=CARTESIAN_POINT('',(-0.003871293459051,0.00427,-0.003486915839454));
#4334=CARTESIAN_POINT('',(-0.003871293459051,0.00527,-0.003486915839454));
#4335=CARTESIAN_POINT('',(-0.003671245201636,0.00427,-0.004381861802116));
#4336=CARTESIAN_POINT('',(-0.003671245201634,0.00527,-0.00438186180212));
#4337=CARTESIAN_POINT('',(-0.00367124520163522,0.00527,-0.00438186180211708));
#4338=CARTESIAN_POINT('',(-0.003671245201634,0.00427,-0.00438186180212));
#4339=CARTESIAN_POINT('',(-0.004019384595428,0.00427,-0.003548803926664));
#4340=CARTESIAN_POINT('',(-0.003671245201634,0.00527,-0.00438186180212));
#4341=CARTESIAN_POINT('',(-0.003924736505313,0.00427,-0.004487797189553));
#4342=CARTESIAN_POINT('',(-0.003924736505313,0.00527,-0.004487797189553));
#4343=CARTESIAN_POINT('',(-0.00365,0.00527,-0.004487797189553));
#4344=CARTESIAN_POINT('',(-0.00365,0.00427,-0.004487797189553));
#4345=CARTESIAN_POINT('',(-0.00365,0.00427,-0.004487797189553));
#4346=CARTESIAN_POINT('',(-0.003924736505313,0.00427,-0.004487797189553));
#4347=CARTESIAN_POINT('',(-0.00365,0.0059,0.001807939915184));
#4348=CARTESIAN_POINT('',(-0.00365,0.00527,-0.004487797189553));
#4349=CARTESIAN_POINT('',(-0.00365,0.00526999999999992,-0.0045329425456767));
#4350=CARTESIAN_POINT('',(-0.00365,0.00477,-0.004490239880332));
#4351=CARTESIAN_POINT('',(-0.00365,0.00427000000000009,-0.0045329425456768));
#4352=CARTESIAN_POINT('',(-0.00365,0.00427,-0.004487797189553));
#4353=CARTESIAN_POINT('',(-0.00335,0.0003,-0.001740376417467));
#4354=CARTESIAN_POINT('',(-0.00335,0.00525452466891895,-0.00462085137706929));
#4355=CARTESIAN_POINT('',(-0.00335,0.0049315082229582,-0.00462085137711919));
#4356=CARTESIAN_POINT('',(-0.00335,0.00460849177699745,-0.0046208513771691));
#4357=CARTESIAN_POINT('',(-0.00335,0.0042854753310367,-0.004620851377219));
#4358=CARTESIAN_POINT('',(-0.003350125303858,0.0042854753310367,-0.00462085137597135));
#4359=CARTESIAN_POINT('',(-0.0033501253038584,0.00525452466891895,-0.00462085137613588));
#4360=CARTESIAN_POINT('',(-0.00335,0.00477,-0.004490239880332));
#4361=CARTESIAN_POINT('',(-0.003669098527577,0.00427,-0.003487963056008));
#4362=CARTESIAN_POINT('',(-0.003746983219302,0.00527,-0.003522034328442));
#4363=CARTESIAN_POINT('',(-0.00374698297283793,0.00527,-0.00352203489181006));
#4364=CARTESIAN_POINT('',(-0.003746982726382,0.00427,-0.003522035455181));
#4365=CARTESIAN_POINT('',(-0.003669098527577,0.00527,-0.003487963056008));
#4366=CARTESIAN_POINT('',(-0.00374777511077073,0.00527,-0.00345576255808729));
#4367=CARTESIAN_POINT('',(-0.003747775343695,0.00427,-0.003455763127188));
#4368=CARTESIAN_POINT('',(-0.00374777534432264,0.00427,-0.00345576312872944));
#4369=CARTESIAN_POINT('',(-0.003669098527577,0.00427,-0.003487963056008));
#4370=CARTESIAN_POINT('',(-0.003740196243934,0.00427,-0.003537548297275));
#4371=CARTESIAN_POINT('',(-0.003746983219302,0.00527,-0.003522034328442));
#4372=CARTESIAN_POINT('',(-0.00342694292675729,0.00527,-0.00425359660097513));
#4373=CARTESIAN_POINT('',(-0.003426943104792,0.00427,-0.004253596194015));
#4374=CARTESIAN_POINT('',(-0.00342694310551509,0.00427,-0.00425359619236294));
#4375=CARTESIAN_POINT('',(-0.003426943104792,0.00527,-0.004253596194015));
#4376=CARTESIAN_POINT('',(-0.004266426264834,0.00427,-0.004620850159403));
#4377=CARTESIAN_POINT('',(-0.004266426264834,0.00427,-0.004620850159403));
#4378=CARTESIAN_POINT('',(-0.003354351869549,0.00427,-0.004532942545679));
#4379=CARTESIAN_POINT('',(-0.00356177730741832,0.00466265928473548,-0.00451921037466841));
#4380=CARTESIAN_POINT('',(-0.00356178286469309,0.00487732749323954,-0.00451920831427197));
#4381=CARTESIAN_POINT('',(-0.00335435186954886,0.00526999999999988,-0.00453294254567887));
#4382=CARTESIAN_POINT('',(-0.004266426264834,0.00527,-0.004620850159403));
#4383=CARTESIAN_POINT('',(0.01417951465223,0.00477,-0.004490239880332));
#4384=CARTESIAN_POINT('',(-0.003354351869549,0.00427,-0.004532942545679));
#4385=CARTESIAN_POINT('',(-0.00365,0.00527,-0.004532942545678));
#4386=CARTESIAN_POINT('',(0.00362566541692,0.00527,-0.003487443910049));
#4387=CARTESIAN_POINT('',(-0.00365,0.00527,-0.002492060084816));
#4388=CARTESIAN_POINT('',(-0.00335334593574897,0.00527,-0.00249206008481591));
#4389=CARTESIAN_POINT('',(-0.003353345935749,0.00527,-0.002492060084816));
#4390=CARTESIAN_POINT('',(-0.003347144660819,0.00427,-0.002476908609302));
#4391=CARTESIAN_POINT('',(-0.003353345935749,0.00527,-0.002492060084816));
#4392=CARTESIAN_POINT('',(-0.003353345935749,0.00427,-0.002492060084816));
#4393=CARTESIAN_POINT('',(-0.003747775343695,0.00427,-0.003455763127188));
#4394=CARTESIAN_POINT('',(-0.003340916774941,0.00427,-0.004961268613733));
#4395=CARTESIAN_POINT('',(-0.00365,0.00427,-0.001790376417467));
#4396=CARTESIAN_POINT('',(-0.00365,0.00427,-0.001790376417467));
#4397=CARTESIAN_POINT('',(-0.003350083535905,0.00427,-0.002492060084816));
#4398=CARTESIAN_POINT('',(-0.00335000000093043,0.00427,-0.002492060084816));
#4399=CARTESIAN_POINT('',(-0.00335,0.00427,-0.0033508225156));
#4400=CARTESIAN_POINT('',(-0.00335000000093043,0.00427,-0.001790376417467));
#4401=CARTESIAN_POINT('',(-0.00365,0.00427,-0.001790376417467));
#4402=CARTESIAN_POINT('',(-0.00354777342511,0.0059,-0.001790376417467));
#4403=CARTESIAN_POINT('',(-0.00325,0.0003,-0.001790376417467));
#4404=CARTESIAN_POINT('',(-0.00325,0.0003,-0.001790376417467));
#4405=CARTESIAN_POINT('',(-0.00335,0.,-0.001790376417467));
#4406=CARTESIAN_POINT('',(-0.00335,0.,-0.001790376417467));
#4407=CARTESIAN_POINT('',(-0.00335,0.0003,-0.001790376417467));
#4408=CARTESIAN_POINT('',(-0.00365,0.0003,-0.001790376417467));
#4409=CARTESIAN_POINT('',(-0.00365,0.0003,-0.001790376417467));
#4410=CARTESIAN_POINT('',(-0.00335,0.0031,-0.001790376417467));
#4411=CARTESIAN_POINT('',(-0.00335,0.0004,-0.001790376417467));
#4412=CARTESIAN_POINT('',(-0.00325,0.0004,-0.001790376417467));
#4413=CARTESIAN_POINT('',(-0.00325,0.0004,0.001757939915184));
#4414=CARTESIAN_POINT('',(-0.00335,0.0004,-0.001740376417467));
#4415=CARTESIAN_POINT('',(-0.00335,0.0004,-0.001740376417467));
#4416=CARTESIAN_POINT('',(-0.00325,0.0004,-0.001740376417467));
#4417=CARTESIAN_POINT('',(-0.00325,0.0003,-0.001740376417467));
#4418=CARTESIAN_POINT('',(-0.00325,0.0003,-0.001790376417467));
#4419=CARTESIAN_POINT('',(0.,0.0003,-0.001790376417467));
#4420=CARTESIAN_POINT('',(-0.00325,0.0003,-0.001740376417467));
#4421=CARTESIAN_POINT('',(0.00325,0.0003,-0.001740376417467));
#4422=CARTESIAN_POINT('',(0.00325,0.0003,-0.001740376417467));
#4423=CARTESIAN_POINT('',(0.00325,0.0003,-0.001790376417467));
#4424=CARTESIAN_POINT('',(0.00088502195802,0.0003,-0.001790376417467));
#4425=CARTESIAN_POINT('',(0.00325,0.0004,0.001757939915184));
#4426=CARTESIAN_POINT('',(0.00325,0.0004,-0.001740376417467));
#4427=CARTESIAN_POINT('',(0.00335,0.0004,-0.001740376417467));
#4428=CARTESIAN_POINT('',(0.00335,0.0004,-0.001790376417467));
#4429=CARTESIAN_POINT('',(0.00335,0.0004,-0.001790376417467));
#4430=CARTESIAN_POINT('',(0.00325,0.0004,-0.001790376417467));
#4431=CARTESIAN_POINT('',(0.,0.0039,-0.000342060084816));
#4432=CARTESIAN_POINT('',(-0.003350041767953,0.0039,-0.001740376417467));
#4433=CARTESIAN_POINT('',(-0.00335000000046522,0.0039,-0.001740376417467));
#4434=CARTESIAN_POINT('',(0.00335000000046521,0.0039,-0.001740376417467));
#4435=CARTESIAN_POINT('',(-0.00335,0.0039,-0.0010412182511415));
#4436=CARTESIAN_POINT('',(-0.00335,0.0039,0.00175793991683261));
#4437=CARTESIAN_POINT('',(0.003350031325965,0.0039,0.001757939915184));
#4438=CARTESIAN_POINT('',(0.00335,0.0039,0.00175793991683261));
#4439=CARTESIAN_POINT('',(0.00335,0.0039,-0.0010412182511415));
#4440=CARTESIAN_POINT('',(0.00325,0.0004,0.001757939915184));
#4441=CARTESIAN_POINT('',(0.00335,0.0004,0.001757939915184));
#4442=CARTESIAN_POINT('',(0.00335,0.0004,0.001757939915184));
#4443=CARTESIAN_POINT('',(0.00335,0.0004,0.001807939915184));
#4444=CARTESIAN_POINT('',(0.00325,0.0004,0.001757939915184));
#4445=CARTESIAN_POINT('',(0.00325,0.0003,0.001757939915184));
#4446=CARTESIAN_POINT('',(0.00325,0.0003,0.001807939915184));
#4447=CARTESIAN_POINT('',(0.00325,0.0003,0.001807939915184));
#4448=CARTESIAN_POINT('',(0.00325,0.0004,0.001807939915184));
#4449=CARTESIAN_POINT('',(-0.00325,0.0004,0.001757939915184));
#4450=CARTESIAN_POINT('',(-0.00325,0.0003,0.001757939915184));
#4451=CARTESIAN_POINT('',(-0.00325,0.0003,0.001757939915184));
#4452=CARTESIAN_POINT('',(-0.00325,0.0003,0.001807939915184));
#4453=CARTESIAN_POINT('',(-0.00325,0.0004,0.001757939915184));
#4454=CARTESIAN_POINT('',(-0.00335,0.0004,0.001757939915184));
#4455=CARTESIAN_POINT('',(-0.00335,0.0004,0.001807939915184));
#4456=CARTESIAN_POINT('',(-0.00335,0.0004,0.001807939915184));
#4457=CARTESIAN_POINT('',(-0.00325,0.0004,0.001807939915184));
#4458=CARTESIAN_POINT('',(0.,0.0003,-0.001790376417467));
#4459=CARTESIAN_POINT('',(-0.00325,0.0003,0.001807939915184));
#4460=CARTESIAN_POINT('',(-0.00325,0.0003,0.001757939915184));
#4461=CARTESIAN_POINT('',(0.,0.,0.001757939915184));
#4462=CARTESIAN_POINT('',(0.00335,0.00195,0.001757939915184));
#4463=CARTESIAN_POINT('',(-0.00335,0.00015,0.001757939915184));
#4464=CARTESIAN_POINT('',(0.,0.0059,-0.000342060084816));
#4465=CARTESIAN_POINT('',(0.00365,0.0059,-0.002492060084816));
#4466=CARTESIAN_POINT('',(0.00365,0.0059,-0.002492060084816));
#4467=CARTESIAN_POINT('',(0.00335000000031015,0.0059,-0.002492060084816));
#4468=CARTESIAN_POINT('',(0.00335,0.0059,-0.0010412182511415));
#4469=CARTESIAN_POINT('',(0.00335000000046522,0.0059,0.001407939915184));
#4470=CARTESIAN_POINT('',(0.00365,0.0059,0.001407939915184));
#4471=CARTESIAN_POINT('',(0.00365,0.0059,0.001407939915184));
#4472=CARTESIAN_POINT('',(0.00365,0.0059,-0.002492060084816));
#4473=CARTESIAN_POINT('',(0.,0.0055,0.001407939915184));
#4474=CARTESIAN_POINT('',(0.00335,0.0055,0.001407939915184));
#4475=CARTESIAN_POINT('',(0.00335000000093043,0.0055,0.001807939915184));
#4476=CARTESIAN_POINT('',(0.003350083535905,0.0055,0.001807939915184));
#4477=CARTESIAN_POINT('',(0.00365,0.0055,0.001807939915184));
#4478=CARTESIAN_POINT('',(0.00365,0.0055,0.001407939915184));
#4479=CARTESIAN_POINT('',(0.00365,0.0059,0.001807939915184));
#4480=CARTESIAN_POINT('',(0.00335,0.0049,0.001807939915184));
#4481=CARTESIAN_POINT('',(-0.00335,0.0031,0.001807939915184));
#4482=CARTESIAN_POINT('',(-0.00335000000046522,0.0055,0.001807939915184));
#4483=CARTESIAN_POINT('',(-0.00365,0.0055,0.001807939915184));
#4484=CARTESIAN_POINT('',(-0.00365,0.0055,0.001807939915184));
#4485=CARTESIAN_POINT('',(-0.00365,0.0003,0.001807939915184));
#4486=CARTESIAN_POINT('',(-0.00365,0.0003,0.001807939915184));
#4487=CARTESIAN_POINT('',(-0.00335,0.0003,0.001807939915184));
#4488=CARTESIAN_POINT('',(-0.00335,0.,0.001807939915184));
#4489=CARTESIAN_POINT('',(0.00335,0.,0.001807939915184));
#4490=CARTESIAN_POINT('',(0.00335,0.,0.001807939915184));
#4491=CARTESIAN_POINT('',(0.00335,0.0003,0.001807939915184));
#4492=CARTESIAN_POINT('',(0.00365,0.0003,0.001807939915184));
#4493=CARTESIAN_POINT('',(0.00365,0.0003,0.001807939915184));
#4494=CARTESIAN_POINT('',(0.00335,0.0003,-0.000342060084816));
#4495=CARTESIAN_POINT('',(0.00335,0.,0.001807939915184));
#4496=CARTESIAN_POINT('',(0.00335,0.,-0.001790376417467));
#4497=CARTESIAN_POINT('',(0.00335,0.0003,-0.001790376417467));
#4498=CARTESIAN_POINT('',(0.00365,0.0003,-0.001790376417467));
#4499=CARTESIAN_POINT('',(0.00365,0.0003,-0.001790376417467));
#4500=CARTESIAN_POINT('',(0.003510125303858,0.,-0.000342060084816));
#4501=CARTESIAN_POINT('',(0.003510125303858,0.00304522388803,-0.000311534223993));
#4502=CARTESIAN_POINT('',(0.003510125303858,0.00304522388803,-0.000311534223993));
#4503=CARTESIAN_POINT('',(0.003510125303858,0.00183130364276,-0.000311534223993));
#4504=CARTESIAN_POINT('',(0.003510125303858,0.00304522388803,0.000384249331222));
#4505=CARTESIAN_POINT('',(0.003510125303858,0.00304522388803,0.000384249331222));
#4506=CARTESIAN_POINT('',(0.003510125303858,0.00183130364276,0.000384249331222));
#4507=CARTESIAN_POINT('',(0.003510125303858,0.00183130364276,0.000384249331222));
#4508=CARTESIAN_POINT('',(0.003510125303858,0.00183130364276,-0.000311534223993));
#4509=CARTESIAN_POINT('',(-0.003310125303858,0.00183130364276,0.000384249331222));
#4510=CARTESIAN_POINT('',(0.00365,0.00183130364276,0.000384249331222));
#4511=CARTESIAN_POINT('',(0.00365,0.00183130364276,0.000384249331222));
#4512=CARTESIAN_POINT('',(0.00365,0.00183130364276,-0.000311534223993));
#4513=CARTESIAN_POINT('',(0.00365,0.00183130364276,-0.000311534223993));
#4514=CARTESIAN_POINT('',(0.00365,0.00183130364276,-0.000311534223993));
#4515=CARTESIAN_POINT('',(-0.003310125303858,0.00183130364276,-0.000311534223993));
#4516=CARTESIAN_POINT('',(0.00365,0.00304522388803,-0.000311534223993));
#4517=CARTESIAN_POINT('',(0.00365,0.00304522388803,-0.000311534223993));
#4518=CARTESIAN_POINT('',(0.00365,0.00304522388803,-0.000311534223993));
#4519=CARTESIAN_POINT('',(-0.003310125303858,0.00304522388803,-0.000311534223993));
#4520=CARTESIAN_POINT('',(0.00365,0.00304522388803,0.000384249331222));
#4521=CARTESIAN_POINT('',(0.00365,0.00304522388803,0.000384249331222));
#4522=CARTESIAN_POINT('',(0.00365,0.00304522388803,0.000384249331222));
#4523=CARTESIAN_POINT('',(-0.003310125303858,0.00304522388803,0.000384249331222));
#4524=CARTESIAN_POINT('',(0.00365,0.00183130364276,0.000384249331222));
#4525=CARTESIAN_POINT('',(0.00365,0.0059,-0.001790376417467));
#4526=CARTESIAN_POINT('',(0.00365,0.0003,-0.001790376417467));
#4527=CARTESIAN_POINT('',(0.00365,0.00427,-0.001790376417467));
#4528=CARTESIAN_POINT('',(0.00365,0.00427,-0.001790376417467));
#4529=CARTESIAN_POINT('',(0.00364999999999992,0.00427,-0.00249206008481582));
#4530=CARTESIAN_POINT('',(0.00365,0.00527,-0.002492060084816));
#4531=CARTESIAN_POINT('',(0.00365,0.00527,-0.00249206008481601));
#4532=CARTESIAN_POINT('',(0.00365,0.0059,-0.002492060084816));
#4533=CARTESIAN_POINT('',(-0.00354777342511,0.0059,-0.002492060084816));
#4534=CARTESIAN_POINT('',(0.00365,0.00527,-0.002492060084816));
#4535=CARTESIAN_POINT('',(0.00335334593574851,0.00527,-0.00249206008481591));
#4536=CARTESIAN_POINT('',(0.003353345935749,0.00527,-0.002492060084816));
#4537=CARTESIAN_POINT('',(0.003353345935749,0.00427,-0.002492060084816));
#4538=CARTESIAN_POINT('',(0.003353345935749,0.00427,-0.002492060084816));
#4539=CARTESIAN_POINT('',(0.00335000000031015,0.00427,-0.00249206008481605));
#4540=CARTESIAN_POINT('',(0.00335,0.004585,-0.002492060084816));
#4541=CARTESIAN_POINT('',(0.003347144660819,0.00427,-0.002476908609302));
#4542=CARTESIAN_POINT('',(0.003747775343614,0.00527,-0.003455763126991));
#4543=CARTESIAN_POINT('',(0.003747775343614,0.00527,-0.003455763126991));
#4544=CARTESIAN_POINT('',(0.003747775343614,0.00527,-0.003455763126991));
#4545=CARTESIAN_POINT('',(0.00374777511073031,0.00427,-0.00345576255798877));
#4546=CARTESIAN_POINT('',(0.003353345935749,0.00427,-0.002492060084816));
#4547=CARTESIAN_POINT('',(0.003669098527577,0.00427,-0.003487963056008));
#4548=CARTESIAN_POINT('',(0.003669098527577,0.00527,-0.003487963056008));
#4549=CARTESIAN_POINT('',(0.003746983219227,0.00527,-0.003522034328614));
#4550=CARTESIAN_POINT('',(0.003746983219227,0.00427,-0.003522034328614));
#4551=CARTESIAN_POINT('',(0.00374698289066348,0.00427,-0.00352203507965904));
#4552=CARTESIAN_POINT('',(0.003669098527577,0.00427,-0.003487963056008));
#4553=CARTESIAN_POINT('',(0.003740196243934,0.00427,-0.003537548297275));
#4554=CARTESIAN_POINT('',(0.003426943104793,0.00527,-0.004253596194014));
#4555=CARTESIAN_POINT('',(0.003426943104793,0.00527,-0.004253596194014));
#4556=CARTESIAN_POINT('',(0.003426942748723,0.00427,-0.004253597007934));
#4557=CARTESIAN_POINT('',(0.00342694274872278,0.00427,-0.00425359700793486));
#4558=CARTESIAN_POINT('',(0.003746983219227,0.00427,-0.003522034328614));
#4559=CARTESIAN_POINT('',(0.00335,0.0039,-0.001740376417467));
#4560=CARTESIAN_POINT('',(0.00335,0.00477,-0.004490239880332));
#4561=CARTESIAN_POINT('',(0.00335012530385827,0.00525452466883446,-0.00462085137644956));
#4562=CARTESIAN_POINT('',(0.0033501253038584,0.00428547533112144,-0.00462085137628571));
#4563=CARTESIAN_POINT('',(0.00335,0.00428547533112144,-0.00462085137721777));
#4564=CARTESIAN_POINT('',(0.00335,0.00460849177702578,-0.00462085137716885));
#4565=CARTESIAN_POINT('',(0.00335,0.00493150822293012,-0.00462085137711992));
#4566=CARTESIAN_POINT('',(0.00335,0.00525452466883446,-0.004620851377071));
#4567=CARTESIAN_POINT('',(0.004266426264834,0.00427,-0.004620850159403));
#4568=CARTESIAN_POINT('',(0.00356177730736892,0.0046626592848099,-0.00451921037465271));
#4569=CARTESIAN_POINT('',(0.00335435186954906,0.00427,-0.00453294254567898));
#4570=CARTESIAN_POINT('',(0.004266426264834,0.00427,-0.004620850159403));
#4571=CARTESIAN_POINT('',(0.004266426264834,0.00527,-0.004620850159403));
#4572=CARTESIAN_POINT('',(0.00335435186954902,0.00526999999999994,-0.00453294254567898));
#4573=CARTESIAN_POINT('',(0.00356178286469153,0.00487732749323903,-0.00451920831427179));
#4574=CARTESIAN_POINT('',(0.01417951465223,0.00477,-0.004490239880332));
#4575=CARTESIAN_POINT('',(0.00365,0.00477,-0.004490239880332));
#4576=CARTESIAN_POINT('',(0.00365,0.00427000000000016,-0.004532942545679));
#4577=CARTESIAN_POINT('',(0.00365,0.00526999999999984,-0.00453294254567899));
#4578=CARTESIAN_POINT('',(0.00365,0.00427,-0.004532942545679));
#4579=CARTESIAN_POINT('',(0.003354351869549,0.00527,-0.004532942545679));
#4580=CARTESIAN_POINT('',(0.00365,0.0059,-0.001790376417467));
#4581=CARTESIAN_POINT('',(0.00365,0.00527,-0.004532942545679));
#4582=CARTESIAN_POINT('',(0.003924736505313,0.00427,-0.004532942545679));
#4583=CARTESIAN_POINT('',(0.003924736505313,0.00527,-0.004532942545679));
#4584=CARTESIAN_POINT('',(0.00367124581275425,0.00527,-0.00442700569590748));
#4585=CARTESIAN_POINT('',(0.003671245812202,0.00427,-0.004427005697225));
#4586=CARTESIAN_POINT('',(0.00367124540515757,0.00427,-0.00442700667123593));
#4587=CARTESIAN_POINT('',(0.003924736505313,0.00427,-0.004532942545679));
#4588=CARTESIAN_POINT('',(0.003880472307181,0.00427,-0.003510097258553));
#4589=CARTESIAN_POINT('',(0.004029702465749,0.00527,-0.003451008513555));
#4590=CARTESIAN_POINT('',(0.004029702465749,0.00527,-0.003451008513555));
#4591=CARTESIAN_POINT('',(0.00402970246574891,0.00427,-0.00345100851355476));
#4592=CARTESIAN_POINT('',(0.003880472307181,0.00427,-0.003510097258553));
#4593=CARTESIAN_POINT('',(0.00402856375603767,0.00427,-0.00357198459803198));
#4594=CARTESIAN_POINT('',(0.004028564068517,0.00427,-0.003571983850304));
#4595=CARTESIAN_POINT('',(0.004028564068517,0.00527,-0.003571983850304));
#4596=CARTESIAN_POINT('',(0.003880472307181,0.00527,-0.003510097258553));
#4597=CARTESIAN_POINT('',(0.00368730664121,0.00427,-0.004388573964622));
#4598=CARTESIAN_POINT('',(0.003671245812202,0.00427,-0.004427005697225));
#4599=CARTESIAN_POINT('',(0.004028564068517,0.00527,-0.003571983850304));
#4600=CARTESIAN_POINT('',(0.00362566541692,0.00527,-0.003487443910049));
#4601=CARTESIAN_POINT('',(0.00365,0.00527,-0.002492060084816));
#4602=CARTESIAN_POINT('',(0.004020523617619,0.00427,-0.003427827094456));
#4603=CARTESIAN_POINT('',(0.004029702465749,0.00427,-0.003451008513555));
#4604=CARTESIAN_POINT('',(-0.003340916774941,0.00427,-0.004961268613733));
#4605=CARTESIAN_POINT('',(0.003350083535905,0.00427,-0.001790376417467));
#4606=CARTESIAN_POINT('',(0.00335000000031015,0.00427,-0.001790376417467));
#4607=CARTESIAN_POINT('',(0.00335,0.00427,-0.002613910163758));
#4608=CARTESIAN_POINT('',(0.00335,0.0039,-0.001740376417467));
#4609=CARTESIAN_POINT('',(0.00335,0.0049,-0.001790376417467));
#4610=CARTESIAN_POINT('',(0.00335,0.0039,-0.001740376417467));
#4611=CARTESIAN_POINT('',(0.,0.0039,-0.001740376417467));
#4612=CARTESIAN_POINT('',(-0.00335,0.0021,-0.001740376417467));
#4613=CARTESIAN_POINT('',(-0.00335,0.0003,-0.001740376417467));
#4614=CARTESIAN_POINT('',(-0.00335,0.0031,-0.002492060084816));
#4615=CARTESIAN_POINT('',(-0.00335000000093043,0.0059,-0.002492060084816));
#4616=CARTESIAN_POINT('',(-0.00335,0.0059,-0.0010412182511415));
#4617=CARTESIAN_POINT('',(-0.00335000000046522,0.0059,0.001407939915184));
#4618=CARTESIAN_POINT('',(-0.00335,0.0055,0.001407939915184));
#4619=CARTESIAN_POINT('',(0.,0.0055,0.001407939915184));
#4620=CARTESIAN_POINT('',(-0.003350083535905,0.0059,0.001407939915184));
#4621=CARTESIAN_POINT('',(-0.00365,0.0059,0.001407939915184));
#4622=CARTESIAN_POINT('',(-0.00365,0.0055,0.001407939915184));
#4623=CARTESIAN_POINT('',(0.,0.0059,-0.000342060084816));
#4624=CARTESIAN_POINT('',(-0.00365,0.0059,-0.002492060084816));
#4625=CARTESIAN_POINT('',(-0.00365,0.0059,-0.002492060084816));
#4626=CARTESIAN_POINT('',(-0.00365,0.0059,0.001407939915184));
#4627=CARTESIAN_POINT('',(-0.00354777342511,0.0059,-0.002492060084816));
#4628=CARTESIAN_POINT('',(-0.00365,0.00527,-0.002492060084816));
#4629=CARTESIAN_POINT('',(-0.00365,0.0059,0.001807939915184));
#4630=CARTESIAN_POINT('',(-0.00365,0.0003,0.001807939915184));
#4631=CARTESIAN_POINT('',(-0.00335,0.0003,0.001807939915184));
#4632=CARTESIAN_POINT('',(-0.00335,0.,-0.001790376417467));
#4633=CARTESIAN_POINT('',(0.,0.,-0.000342060084816));
#4634=CARTESIAN_POINT('',(0.00088502195802,0.,-0.001790376417467));
#4635=CARTESIAN_POINT('',(-0.00354777342511,0.0059,-0.001790376417467));
#4636=CARTESIAN_POINT('',(0.,0.,0.));
#4637=MECHANICAL_DESIGN_GEOMETRIC_PRESENTATION_REPRESENTATION('',(#2489,#2490,#2491,#32,#33,#34,#35,#36,#37,#38,#39,#40,#41,#42,#43,#44,#45,#46,#47,#48,#49,#50,#51,#52,#53,#54,#55,#56,#57,#58,#59,#60,#61,#62,#63,#64,#65,#66,#67,#68,#69,#70,#71,#72,#73,#74,#75,#76,#77,#78,#79,#80,#81,#82,#83,#84,#85,#86,#87,#88),#4638);
#4638=(
GEOMETRIC_REPRESENTATION_CONTEXT(3)
GLOBAL_UNCERTAINTY_ASSIGNED_CONTEXT((#4642))
GLOBAL_UNIT_ASSIGNED_CONTEXT((#4648,#4647,#4646))
REPRESENTATION_CONTEXT('MJTP1117-5483_ASM','TOP_LEVEL_ASSEMBLY_PART')
);
#4639=(
GEOMETRIC_REPRESENTATION_CONTEXT(3)
GLOBAL_UNCERTAINTY_ASSIGNED_CONTEXT((#4643))
GLOBAL_UNIT_ASSIGNED_CONTEXT((#4648,#4647,#4646))
REPRESENTATION_CONTEXT('MJTP1117-5506_2','COMPONENT_PART')
);
#4640=(
GEOMETRIC_REPRESENTATION_CONTEXT(3)
GLOBAL_UNCERTAINTY_ASSIGNED_CONTEXT((#4644))
GLOBAL_UNIT_ASSIGNED_CONTEXT((#4648,#4647,#4646))
REPRESENTATION_CONTEXT('MJTP1117-5506_1','COMPONENT_PART')
);
#4641=(
GEOMETRIC_REPRESENTATION_CONTEXT(3)
GLOBAL_UNCERTAINTY_ASSIGNED_CONTEXT((#4645))
GLOBAL_UNIT_ASSIGNED_CONTEXT((#4648,#4647,#4646))
REPRESENTATION_CONTEXT('MJTP1117-5506_3','COMPONENT_PART')
);
#4642=UNCERTAINTY_MEASURE_WITH_UNIT(LENGTH_MEASURE(1.E-08),#4648,'DISTANCE_ACCURACY_VALUE','Maximum Tolerance applied to model');
#4643=UNCERTAINTY_MEASURE_WITH_UNIT(LENGTH_MEASURE(1.E-06),#4648,'DISTANCE_ACCURACY_VALUE','Maximum Tolerance applied to model');
#4644=UNCERTAINTY_MEASURE_WITH_UNIT(LENGTH_MEASURE(1.E-06),#4648,'DISTANCE_ACCURACY_VALUE','Maximum Tolerance applied to model');
#4645=UNCERTAINTY_MEASURE_WITH_UNIT(LENGTH_MEASURE(2.E-05),#4648,'DISTANCE_ACCURACY_VALUE','Maximum Tolerance applied to model');
#4646=(
NAMED_UNIT(*)
SI_UNIT($,.STERADIAN.)
SOLID_ANGLE_UNIT()
);
#4647=(
NAMED_UNIT(*)
PLANE_ANGLE_UNIT()
SI_UNIT($,.RADIAN.)
);
#4648=(
LENGTH_UNIT()
NAMED_UNIT(*)
SI_UNIT($,.METRE.)
);
#4649=PRODUCT_DEFINITION_SHAPE('','',#4656);
#4650=PRODUCT_DEFINITION_SHAPE('','',#4657);
#4651=PRODUCT_DEFINITION_SHAPE(' ','NAUO PRDDFN',#93);
#4652=PRODUCT_DEFINITION_SHAPE('','',#4658);
#4653=PRODUCT_DEFINITION_SHAPE(' ','NAUO PRDDFN',#94);
#4654=PRODUCT_DEFINITION_SHAPE('','',#4659);
#4655=PRODUCT_DEFINITION_SHAPE(' ','NAUO PRDDFN',#95);
#4656=PRODUCT_DEFINITION('','',#4664,#4660);
#4657=PRODUCT_DEFINITION('','',#4665,#4661);
#4658=PRODUCT_DEFINITION('','',#4666,#4662);
#4659=PRODUCT_DEFINITION('','',#4667,#4663);
#4660=PRODUCT_DEFINITION_CONTEXT('',#4685,'design');
#4661=PRODUCT_DEFINITION_CONTEXT('',#4685,'design');
#4662=PRODUCT_DEFINITION_CONTEXT('',#4685,'design');
#4663=PRODUCT_DEFINITION_CONTEXT('',#4685,'design');
#4664=PRODUCT_DEFINITION_FORMATION_WITH_SPECIFIED_SOURCE('','',#4672,.NOT_KNOWN.);
#4665=PRODUCT_DEFINITION_FORMATION_WITH_SPECIFIED_SOURCE('','',#4673,.NOT_KNOWN.);
#4666=PRODUCT_DEFINITION_FORMATION_WITH_SPECIFIED_SOURCE('','',#4674,.NOT_KNOWN.);
#4667=PRODUCT_DEFINITION_FORMATION_WITH_SPECIFIED_SOURCE('','',#4675,.NOT_KNOWN.);
#4668=PRODUCT_RELATED_PRODUCT_CATEGORY('','',(#4672));
#4669=PRODUCT_RELATED_PRODUCT_CATEGORY('','',(#4673));
#4670=PRODUCT_RELATED_PRODUCT_CATEGORY('','',(#4674));
#4671=PRODUCT_RELATED_PRODUCT_CATEGORY('','',(#4675));
#4672=PRODUCT('MJTP1117-5483_ASM','MJTP1117-5483_ASM','MJTP1117-5483_ASM',(#4680));
#4673=PRODUCT('MJTP1117-5506_2','MJTP1117-5506_2','MJTP1117-5506_2',(#4681));
#4674=PRODUCT('MJTP1117-5506_1','MJTP1117-5506_1','MJTP1117-5506_1',(#4682));
#4675=PRODUCT('MJTP1117-5506_3','MJTP1117-5506_3','MJTP1117-5506_3',(#4683));
#4676=PRODUCT_CATEGORY('','');
#4677=PRODUCT_CATEGORY('','');
#4678=PRODUCT_CATEGORY('','');
#4679=PRODUCT_CATEGORY('','');
#4680=PRODUCT_CONTEXT('',#4685,'mechanical');
#4681=PRODUCT_CONTEXT('',#4685,'mechanical');
#4682=PRODUCT_CONTEXT('',#4685,'mechanical');
#4683=PRODUCT_CONTEXT('',#4685,'mechanical');
#4684=APPLICATION_PROTOCOL_DEFINITION('international standard','ap242_managed_model_based_3d_engineering',2020,#4685);
#4685=APPLICATION_CONTEXT('managed model based 3d engineering');
ENDSEC;
END-ISO-10303-21;
